SampleID,Host.genus,Species_final_nov24,Native.status,Native.status.fine,Otu,occurence,Phylum,Class,Order,Family,Genus,Database,likelihood.weight
144746,Megathyrsus,Megathyrsus.maximus,Nonnative,Widespread.invasive,Otu10,281,Basidiomycota,Agaricomycetes,Boletales,Boletaceae,Boletus,Unite,NA
144747,Megathyrsus,Megathyrsus.maximus,Nonnative,Widespread.invasive,Otu10,72,Basidiomycota,Agaricomycetes,Boletales,Boletaceae,Boletus,Unite,NA
144748,Megathyrsus,Megathyrsus.maximus,Nonnative,Widespread.invasive,Otu10,722,Basidiomycota,Agaricomycetes,Boletales,Boletaceae,Boletus,Unite,NA
144746,Megathyrsus,Megathyrsus.maximus,Nonnative,Widespread.invasive,Otu45,1,Ascomycota,Dothideomycetes,Pleosporales,Pleosporaceae,Bipolaris,Unite,NA
144748,Megathyrsus,Megathyrsus.maximus,Nonnative,Widespread.invasive,Otu45,1,Ascomycota,Dothideomycetes,Pleosporales,Pleosporaceae,Bipolaris,Unite,NA
144751,Urochloa,Urochloa.mosambicensis,Nonnative,Established,Otu45,1,Ascomycota,Dothideomycetes,Pleosporales,Pleosporaceae,Bipolaris,Unite,NA
144753,Melinis,Melinis.repens,Nonnative,Widespread.invasive,Otu45,1,Ascomycota,Dothideomycetes,Pleosporales,Pleosporaceae,Bipolaris,Unite,NA
144754,Melinis,Melinis.repens,Nonnative,Widespread.invasive,Otu45,26,Ascomycota,Dothideomycetes,Pleosporales,Pleosporaceae,Bipolaris,Unite,NA
144755,Cenchrus,Cenchrus.ciliaris,Nonnative,Widespread.invasive,Otu45,25,Ascomycota,Dothideomycetes,Pleosporales,Pleosporaceae,Bipolaris,Unite,NA
144756,Cenchrus,Cenchrus.ciliaris,Nonnative,Widespread.invasive,Otu45,2,Ascomycota,Dothideomycetes,Pleosporales,Pleosporaceae,Bipolaris,Unite,NA
144757,Cenchrus,Cenchrus.ciliaris,Nonnative,Widespread.invasive,Otu45,18,Ascomycota,Dothideomycetes,Pleosporales,Pleosporaceae,Bipolaris,Unite,NA
144759,Setaria,Setaria.parviflora,Native,Native,Otu45,8,Ascomycota,Dothideomycetes,Pleosporales,Pleosporaceae,Bipolaris,Unite,NA
144760,Setaria,Setaria.parviflora,Native,Native,Otu45,5,Ascomycota,Dothideomycetes,Pleosporales,Pleosporaceae,Bipolaris,Unite,NA
144761,Heteropogon,Heteropogon.contortus,Nonnative,Established,Otu45,5,Ascomycota,Dothideomycetes,Pleosporales,Pleosporaceae,Bipolaris,Unite,NA
144762,Heteropogon,Heteropogon.contortus,Nonnative,Established,Otu45,6,Ascomycota,Dothideomycetes,Pleosporales,Pleosporaceae,Bipolaris,Unite,NA
144766,Elionurus,Elionurus.tripsacoides,Native,Native,Otu45,3,Ascomycota,Dothideomycetes,Pleosporales,Pleosporaceae,Bipolaris,Unite,NA
144767,Bothriochloa,Bothriochloa.ischaemum,Nonnative,Widespread.invasive,Otu45,1,Ascomycota,Dothideomycetes,Pleosporales,Pleosporaceae,Bipolaris,Unite,NA
144771,Eragrostis,Eragrostis.lugens,Native,Native,Otu45,1,Ascomycota,Dothideomycetes,Pleosporales,Pleosporaceae,Bipolaris,Unite,NA
144773,Aristida,Aristida.purpurea var. longesta,Native,Native,Otu45,7,Ascomycota,Dothideomycetes,Pleosporales,Pleosporaceae,Bipolaris,Unite,NA
144774,Aristida,Aristida.purpurea var. longesta,Native,Native,Otu45,206,Ascomycota,Dothideomycetes,Pleosporales,Pleosporaceae,Bipolaris,Unite,NA
144775,Aristida,Aristida.purpurea var. longesta,Native,Native,Otu45,52,Ascomycota,Dothideomycetes,Pleosporales,Pleosporaceae,Bipolaris,Unite,NA
144779,Eragrostis,Eragrostis.secundiflora,Native,Native,Otu45,3,Ascomycota,Dothideomycetes,Pleosporales,Pleosporaceae,Bipolaris,Unite,NA
144757,Cenchrus,Cenchrus.ciliaris,Nonnative,Widespread.invasive,Otu26,1,Ascomycota,Dothideomycetes,Pleosporales,Pleosporales_fam_Incertae_sedis,Pleosporales_gen_Incertae_sedis,Unite,NA
144775,Aristida,Aristida.purpurea var. longesta,Native,Native,Otu26,2,Ascomycota,Dothideomycetes,Pleosporales,Pleosporales_fam_Incertae_sedis,Pleosporales_gen_Incertae_sedis,Unite,NA
144758,Setaria,Setaria.parviflora,Native,Native,Otu41,74,Ascomycota,Dothideomycetes,Pleosporales,Pleosporales_fam_Incertae_sedis,Pleosporales_gen_Incertae_sedis,Unite,NA
144759,Setaria,Setaria.parviflora,Native,Native,Otu41,232,Ascomycota,Dothideomycetes,Pleosporales,Pleosporales_fam_Incertae_sedis,Pleosporales_gen_Incertae_sedis,Unite,NA
144763,Heteropogon,Heteropogon.contortus,Nonnative,Established,Otu41,47,Ascomycota,Dothideomycetes,Pleosporales,Pleosporales_fam_Incertae_sedis,Pleosporales_gen_Incertae_sedis,Unite,NA
144770,Eragrostis,Eragrostis.lugens,Native,Native,Otu41,100,Ascomycota,Dothideomycetes,Pleosporales,Pleosporales_fam_Incertae_sedis,Pleosporales_gen_Incertae_sedis,Unite,NA
144773,Aristida,Aristida.purpurea var. longesta,Native,Native,Otu41,100,Ascomycota,Dothideomycetes,Pleosporales,Pleosporales_fam_Incertae_sedis,Pleosporales_gen_Incertae_sedis,Unite,NA
144774,Aristida,Aristida.purpurea var. longesta,Native,Native,Otu41,614,Ascomycota,Dothideomycetes,Pleosporales,Pleosporales_fam_Incertae_sedis,Pleosporales_gen_Incertae_sedis,Unite,NA
144758,Setaria,Setaria.parviflora,Native,Native,Otu4,1540,Basidiomycota,Agaricomycetes,Boletales,Boletaceae,Boletus,Unite,NA
144759,Setaria,Setaria.parviflora,Native,Native,Otu4,4303,Basidiomycota,Agaricomycetes,Boletales,Boletaceae,Boletus,Unite,NA
144760,Setaria,Setaria.parviflora,Native,Native,Otu4,2045,Basidiomycota,Agaricomycetes,Boletales,Boletaceae,Boletus,Unite,NA
144769,Bothriochloa,Bothriochloa.ischaemum,Nonnative,Widespread.invasive,Otu4,2,Basidiomycota,Agaricomycetes,Boletales,Boletaceae,Boletus,Unite,NA
144746,Megathyrsus,Megathyrsus.maximus,Nonnative,Widespread.invasive,Otu143,1,Ascomycota,Dothideomycetes,Pleosporales,Pleosporaceae,Exserohilum,Tbas,0.965105429
144751,Urochloa,Urochloa.mosambicensis,Nonnative,Established,Otu143,4,Ascomycota,Dothideomycetes,Pleosporales,Pleosporaceae,Exserohilum,Tbas,0.965105429
144754,Melinis,Melinis.repens,Nonnative,Widespread.invasive,Otu143,6,Ascomycota,Dothideomycetes,Pleosporales,Pleosporaceae,Exserohilum,Tbas,0.965105429
144755,Cenchrus,Cenchrus.ciliaris,Nonnative,Widespread.invasive,Otu143,5,Ascomycota,Dothideomycetes,Pleosporales,Pleosporaceae,Exserohilum,Tbas,0.965105429
144756,Cenchrus,Cenchrus.ciliaris,Nonnative,Widespread.invasive,Otu143,23,Ascomycota,Dothideomycetes,Pleosporales,Pleosporaceae,Exserohilum,Tbas,0.965105429
144758,Setaria,Setaria.parviflora,Native,Native,Otu143,29,Ascomycota,Dothideomycetes,Pleosporales,Pleosporaceae,Exserohilum,Tbas,0.965105429
144759,Setaria,Setaria.parviflora,Native,Native,Otu143,186,Ascomycota,Dothideomycetes,Pleosporales,Pleosporaceae,Exserohilum,Tbas,0.965105429
144760,Setaria,Setaria.parviflora,Native,Native,Otu143,14,Ascomycota,Dothideomycetes,Pleosporales,Pleosporaceae,Exserohilum,Tbas,0.965105429
144772,Eragrostis,Eragrostis.lugens,Native,Native,Otu143,1,Ascomycota,Dothideomycetes,Pleosporales,Pleosporaceae,Exserohilum,Tbas,0.965105429
144773,Aristida,Aristida.purpurea var. longesta,Native,Native,Otu143,40,Ascomycota,Dothideomycetes,Pleosporales,Pleosporaceae,Exserohilum,Tbas,0.965105429
144774,Aristida,Aristida.purpurea var. longesta,Native,Native,Otu143,572,Ascomycota,Dothideomycetes,Pleosporales,Pleosporaceae,Exserohilum,Tbas,0.965105429
144775,Aristida,Aristida.purpurea var. longesta,Native,Native,Otu143,153,Ascomycota,Dothideomycetes,Pleosporales,Pleosporaceae,Exserohilum,Tbas,0.965105429
144748,Megathyrsus,Megathyrsus.maximus,Nonnative,Widespread.invasive,Otu96,1,Basidiomycota,Agaricomycetes,Boletales,Boletaceae,Boletus,Unite,NA
144756,Cenchrus,Cenchrus.ciliaris,Nonnative,Widespread.invasive,Otu66,1,Ascomycota,Dothideomycetes,Pleosporales,Pleosporales_fam_Incertae_sedis,Pleosporales_gen_Incertae_sedis,Unite,NA
144759,Setaria,Setaria.parviflora,Native,Native,Otu66,1,Ascomycota,Dothideomycetes,Pleosporales,Pleosporales_fam_Incertae_sedis,Pleosporales_gen_Incertae_sedis,Unite,NA
144774,Aristida,Aristida.purpurea var. longesta,Native,Native,Otu66,5,Ascomycota,Dothideomycetes,Pleosporales,Pleosporales_fam_Incertae_sedis,Pleosporales_gen_Incertae_sedis,Unite,NA
144775,Aristida,Aristida.purpurea var. longesta,Native,Native,Otu66,3,Ascomycota,Dothideomycetes,Pleosporales,Pleosporales_fam_Incertae_sedis,Pleosporales_gen_Incertae_sedis,Unite,NA
144749,Paspalum,Paspalum.plicatum,Native,Native,Otu35,68,Ascomycota,Dothideomycetes,Cladosporiales,Cladosporiaceae,Toxicocladosporium,Tbas,0.979549048
144750,Urochloa,Urochloa.mosambicensis,Nonnative,Established,Otu35,1,Ascomycota,Dothideomycetes,Cladosporiales,Cladosporiaceae,Toxicocladosporium,Tbas,0.979549048
144755,Cenchrus,Cenchrus.ciliaris,Nonnative,Widespread.invasive,Otu35,1,Ascomycota,Dothideomycetes,Cladosporiales,Cladosporiaceae,Toxicocladosporium,Tbas,0.979549048
144756,Cenchrus,Cenchrus.ciliaris,Nonnative,Widespread.invasive,Otu35,1,Ascomycota,Dothideomycetes,Cladosporiales,Cladosporiaceae,Toxicocladosporium,Tbas,0.979549048
144759,Setaria,Setaria.parviflora,Native,Native,Otu35,6,Ascomycota,Dothideomycetes,Cladosporiales,Cladosporiaceae,Toxicocladosporium,Tbas,0.979549048
144760,Setaria,Setaria.parviflora,Native,Native,Otu35,1,Ascomycota,Dothideomycetes,Cladosporiales,Cladosporiaceae,Toxicocladosporium,Tbas,0.979549048
144761,Heteropogon,Heteropogon.contortus,Nonnative,Established,Otu35,1,Ascomycota,Dothideomycetes,Cladosporiales,Cladosporiaceae,Toxicocladosporium,Tbas,0.979549048
144763,Heteropogon,Heteropogon.contortus,Nonnative,Established,Otu35,2,Ascomycota,Dothideomycetes,Cladosporiales,Cladosporiaceae,Toxicocladosporium,Tbas,0.979549048
144764,Elionurus,Elionurus.tripsacoides,Native,Native,Otu35,35,Ascomycota,Dothideomycetes,Cladosporiales,Cladosporiaceae,Toxicocladosporium,Tbas,0.979549048
144766,Elionurus,Elionurus.tripsacoides,Native,Native,Otu35,33,Ascomycota,Dothideomycetes,Cladosporiales,Cladosporiaceae,Toxicocladosporium,Tbas,0.979549048
144768,Bothriochloa,Bothriochloa.ischaemum,Nonnative,Widespread.invasive,Otu35,3,Ascomycota,Dothideomycetes,Cladosporiales,Cladosporiaceae,Toxicocladosporium,Tbas,0.979549048
144770,Eragrostis,Eragrostis.lugens,Native,Native,Otu35,7,Ascomycota,Dothideomycetes,Cladosporiales,Cladosporiaceae,Toxicocladosporium,Tbas,0.979549048
144774,Aristida,Aristida.purpurea var. longesta,Native,Native,Otu35,11,Ascomycota,Dothideomycetes,Cladosporiales,Cladosporiaceae,Toxicocladosporium,Tbas,0.979549048
144776,Eragrostis,Eragrostis.secundiflora,Native,Native,Otu35,8,Ascomycota,Dothideomycetes,Cladosporiales,Cladosporiaceae,Toxicocladosporium,Tbas,0.979549048
144777,Eragrostis,Eragrostis.secundiflora,Native,Native,Otu35,3,Ascomycota,Dothideomycetes,Cladosporiales,Cladosporiaceae,Toxicocladosporium,Tbas,0.979549048
144778,Eragrostis,Eragrostis.secundiflora,Native,Native,Otu35,46,Ascomycota,Dothideomycetes,Cladosporiales,Cladosporiaceae,Toxicocladosporium,Tbas,0.979549048
144757,Cenchrus,Cenchrus.ciliaris,Nonnative,Widespread.invasive,Otu137,58,Unknown,Unknown,Unknown,Unknown,Unknown,Tbas.Unite,NA
144759,Setaria,Setaria.parviflora,Native,Native,Otu137,2,Unknown,Unknown,Unknown,Unknown,Unknown,Tbas.Unite,NA
144756,Cenchrus,Cenchrus.ciliaris,Nonnative,Widespread.invasive,Otu361,1,Basidiomycota,Agaricomycetes,Thelephorales,Thelephoraceae,Tomentella,Unite,NA
144752,Melinis,Melinis.repens,Nonnative,Widespread.invasive,Otu5,101,Basidiomycota,Agaricomycetes,Boletales,Boletaceae,Boletus,Unite,NA
144753,Melinis,Melinis.repens,Nonnative,Widespread.invasive,Otu5,750,Basidiomycota,Agaricomycetes,Boletales,Boletaceae,Boletus,Unite,NA
144754,Melinis,Melinis.repens,Nonnative,Widespread.invasive,Otu5,2687,Basidiomycota,Agaricomycetes,Boletales,Boletaceae,Boletus,Unite,NA
144748,Megathyrsus,Megathyrsus.maximus,Nonnative,Widespread.invasive,Otu1,2,Ascomycota,Pezizomycetes,Pezizales,Morchellaceae,Morchella,Tbas,0.999964709
144764,Elionurus,Elionurus.tripsacoides,Native,Native,Otu1,4538,Ascomycota,Pezizomycetes,Pezizales,Morchellaceae,Morchella,Tbas,0.999964709
144765,Elionurus,Elionurus.tripsacoides,Native,Native,Otu1,4184,Ascomycota,Pezizomycetes,Pezizales,Morchellaceae,Morchella,Tbas,0.999964709
144766,Elionurus,Elionurus.tripsacoides,Native,Native,Otu1,3898,Ascomycota,Pezizomycetes,Pezizales,Morchellaceae,Morchella,Tbas,0.999964709
144760,Setaria,Setaria.parviflora,Native,Native,Otu9,544,Basidiomycota,Agaricomycetes,Boletales,Boletaceae,Boletus,Unite,NA
144768,Bothriochloa,Bothriochloa.ischaemum,Nonnative,Widespread.invasive,Otu9,4,Basidiomycota,Agaricomycetes,Boletales,Boletaceae,Boletus,Unite,NA
144770,Eragrostis,Eragrostis.lugens,Native,Native,Otu9,839,Basidiomycota,Agaricomycetes,Boletales,Boletaceae,Boletus,Unite,NA
144771,Eragrostis,Eragrostis.lugens,Native,Native,Otu9,1083,Basidiomycota,Agaricomycetes,Boletales,Boletaceae,Boletus,Unite,NA
144772,Eragrostis,Eragrostis.lugens,Native,Native,Otu9,1314,Basidiomycota,Agaricomycetes,Boletales,Boletaceae,Boletus,Unite,NA
144774,Aristida,Aristida.purpurea var. longesta,Native,Native,Otu186,1,Basidiomycota,Agaricomycetes,Polyporales,Incrustoporiaceae,Skeletocutis,Unite,NA
144753,Melinis,Melinis.repens,Nonnative,Widespread.invasive,Otu288,3,Ascomycota,Dothideomycetes,Pleosporales,Phaeosphaeriaceae,Phaeoseptoriella,Tbas,0.999986555
144754,Melinis,Melinis.repens,Nonnative,Widespread.invasive,Otu288,61,Ascomycota,Dothideomycetes,Pleosporales,Phaeosphaeriaceae,Phaeoseptoriella,Tbas,0.999986555
144757,Cenchrus,Cenchrus.ciliaris,Nonnative,Widespread.invasive,Otu288,82,Ascomycota,Dothideomycetes,Pleosporales,Phaeosphaeriaceae,Phaeoseptoriella,Tbas,0.999986555
144761,Heteropogon,Heteropogon.contortus,Nonnative,Established,Otu288,7,Ascomycota,Dothideomycetes,Pleosporales,Phaeosphaeriaceae,Phaeoseptoriella,Tbas,0.999986555
144763,Heteropogon,Heteropogon.contortus,Nonnative,Established,Otu288,45,Ascomycota,Dothideomycetes,Pleosporales,Phaeosphaeriaceae,Phaeoseptoriella,Tbas,0.999986555
144768,Bothriochloa,Bothriochloa.ischaemum,Nonnative,Widespread.invasive,Otu288,281,Ascomycota,Dothideomycetes,Pleosporales,Phaeosphaeriaceae,Phaeoseptoriella,Tbas,0.999986555
144776,Eragrostis,Eragrostis.secundiflora,Native,Native,Otu288,26,Ascomycota,Dothideomycetes,Pleosporales,Phaeosphaeriaceae,Phaeoseptoriella,Tbas,0.999986555
144779,Eragrostis,Eragrostis.secundiflora,Native,Native,Otu288,1,Ascomycota,Dothideomycetes,Pleosporales,Phaeosphaeriaceae,Phaeoseptoriella,Tbas,0.999986555
144749,Paspalum,Paspalum.plicatum,Native,Native,Otu135,3,Basidiomycota,Agaricomycetes,Cantharellales,Cantharellaceae,Cantharellus,Tbas,0.96520976
144773,Aristida,Aristida.purpurea var. longesta,Native,Native,Otu135,9,Basidiomycota,Agaricomycetes,Cantharellales,Cantharellaceae,Cantharellus,Tbas,0.96520976
144776,Eragrostis,Eragrostis.secundiflora,Native,Native,Otu135,524,Basidiomycota,Agaricomycetes,Cantharellales,Cantharellaceae,Cantharellus,Tbas,0.96520976
144754,Melinis,Melinis.repens,Nonnative,Widespread.invasive,Otu29,2,Ascomycota,Dothideomycetes,Pleosporales,Pleosporaceae,Curvularia,Unite,NA
144755,Cenchrus,Cenchrus.ciliaris,Nonnative,Widespread.invasive,Otu29,1,Ascomycota,Dothideomycetes,Pleosporales,Pleosporaceae,Curvularia,Unite,NA
144758,Setaria,Setaria.parviflora,Native,Native,Otu29,2,Ascomycota,Dothideomycetes,Pleosporales,Pleosporaceae,Curvularia,Unite,NA
144759,Setaria,Setaria.parviflora,Native,Native,Otu29,19,Ascomycota,Dothideomycetes,Pleosporales,Pleosporaceae,Curvularia,Unite,NA
144760,Setaria,Setaria.parviflora,Native,Native,Otu29,1,Ascomycota,Dothideomycetes,Pleosporales,Pleosporaceae,Curvularia,Unite,NA
144764,Elionurus,Elionurus.tripsacoides,Native,Native,Otu29,1,Ascomycota,Dothideomycetes,Pleosporales,Pleosporaceae,Curvularia,Unite,NA
144766,Elionurus,Elionurus.tripsacoides,Native,Native,Otu29,1,Ascomycota,Dothideomycetes,Pleosporales,Pleosporaceae,Curvularia,Unite,NA
144771,Eragrostis,Eragrostis.lugens,Native,Native,Otu29,21,Ascomycota,Dothideomycetes,Pleosporales,Pleosporaceae,Curvularia,Unite,NA
144773,Aristida,Aristida.purpurea var. longesta,Native,Native,Otu29,5,Ascomycota,Dothideomycetes,Pleosporales,Pleosporaceae,Curvularia,Unite,NA
144774,Aristida,Aristida.purpurea var. longesta,Native,Native,Otu29,21,Ascomycota,Dothideomycetes,Pleosporales,Pleosporaceae,Curvularia,Unite,NA
144775,Aristida,Aristida.purpurea var. longesta,Native,Native,Otu29,26,Ascomycota,Dothideomycetes,Pleosporales,Pleosporaceae,Curvularia,Unite,NA
144757,Cenchrus,Cenchrus.ciliaris,Nonnative,Widespread.invasive,Otu94,3,Basidiomycota,Tremellomycetes,Filobasidiales,Filobasidiaceae,Filobasidium,Unite,NA
144766,Elionurus,Elionurus.tripsacoides,Native,Native,Otu94,2,Basidiomycota,Tremellomycetes,Filobasidiales,Filobasidiaceae,Filobasidium,Unite,NA
144775,Aristida,Aristida.purpurea var. longesta,Native,Native,Otu94,1,Basidiomycota,Tremellomycetes,Filobasidiales,Filobasidiaceae,Filobasidium,Unite,NA
144761,Heteropogon,Heteropogon.contortus,Nonnative,Established,Otu14,1779,Basidiomycota,Agaricomycetes,Boletales,Boletaceae,Boletus,Unite,NA
144762,Heteropogon,Heteropogon.contortus,Nonnative,Established,Otu14,606,Basidiomycota,Agaricomycetes,Boletales,Boletaceae,Boletus,Unite,NA
144763,Heteropogon,Heteropogon.contortus,Nonnative,Established,Otu14,694,Basidiomycota,Agaricomycetes,Boletales,Boletaceae,Boletus,Unite,NA
144765,Elionurus,Elionurus.tripsacoides,Native,Native,Otu382,1,Basidiomycota,Agaricomycetes,Agaricales,Psathyrellaceae,Parasola,Tbas,1
144755,Cenchrus,Cenchrus.ciliaris,Nonnative,Widespread.invasive,Otu12,2469,Basidiomycota,Agaricomycetes,Boletales,Boletaceae,Boletus,Unite,NA
144756,Cenchrus,Cenchrus.ciliaris,Nonnative,Widespread.invasive,Otu12,2401,Basidiomycota,Agaricomycetes,Boletales,Boletaceae,Boletus,Unite,NA
144757,Cenchrus,Cenchrus.ciliaris,Nonnative,Widespread.invasive,Otu12,2640,Basidiomycota,Agaricomycetes,Boletales,Boletaceae,Boletus,Unite,NA
144758,Setaria,Setaria.parviflora,Native,Native,Otu12,4,Basidiomycota,Agaricomycetes,Boletales,Boletaceae,Boletus,Unite,NA
144759,Setaria,Setaria.parviflora,Native,Native,Otu12,2,Basidiomycota,Agaricomycetes,Boletales,Boletaceae,Boletus,Unite,NA
144776,Eragrostis,Eragrostis.secundiflora,Native,Native,Otu3,973,Basidiomycota,Agaricomycetes,Boletales,Boletaceae,Boletus,Unite,NA
144777,Eragrostis,Eragrostis.secundiflora,Native,Native,Otu3,1188,Basidiomycota,Agaricomycetes,Boletales,Boletaceae,Boletus,Unite,NA
144778,Eragrostis,Eragrostis.secundiflora,Native,Native,Otu3,1728,Basidiomycota,Agaricomycetes,Boletales,Boletaceae,Boletus,Unite,NA
144779,Eragrostis,Eragrostis.secundiflora,Native,Native,Otu3,748,Basidiomycota,Agaricomycetes,Boletales,Boletaceae,Boletus,Unite,NA
144780,Eragrostis,Eragrostis.secundiflora,Native,Native,Otu3,3,Basidiomycota,Agaricomycetes,Boletales,Boletaceae,Boletus,Unite,NA
144781,Eragrostis,Eragrostis.secundiflora,Native,Native,Otu3,479,Basidiomycota,Agaricomycetes,Boletales,Boletaceae,Boletus,Unite,NA
144755,Cenchrus,Cenchrus.ciliaris,Nonnative,Widespread.invasive,Otu646,561,Basidiomycota,Agaricomycetes,Russulales,Russulaceae,Lactifluus,Unite,NA
144756,Cenchrus,Cenchrus.ciliaris,Nonnative,Widespread.invasive,Otu646,65,Basidiomycota,Agaricomycetes,Russulales,Russulaceae,Lactifluus,Unite,NA
144757,Cenchrus,Cenchrus.ciliaris,Nonnative,Widespread.invasive,Otu646,517,Basidiomycota,Agaricomycetes,Russulales,Russulaceae,Lactifluus,Unite,NA
144774,Aristida,Aristida.purpurea var. longesta,Native,Native,Otu646,1,Basidiomycota,Agaricomycetes,Russulales,Russulaceae,Lactifluus,Unite,NA
144751,Urochloa,Urochloa.mosambicensis,Nonnative,Established,Otu246,1,Basidiomycota,Agaricomycetes,Polyporales,Phanerochaetaceae,Phanerochaete,Tbas,0.960386386
144754,Melinis,Melinis.repens,Nonnative,Widespread.invasive,Otu182,2,Ascomycota,Dothideomycetes,Pleosporales,Pleosporaceae,Curvularia,Unite,NA
144763,Heteropogon,Heteropogon.contortus,Nonnative,Established,Otu182,24,Ascomycota,Dothideomycetes,Pleosporales,Pleosporaceae,Curvularia,Unite,NA
144773,Aristida,Aristida.purpurea var. longesta,Native,Native,Otu182,1,Ascomycota,Dothideomycetes,Pleosporales,Pleosporaceae,Curvularia,Unite,NA
144774,Aristida,Aristida.purpurea var. longesta,Native,Native,Otu182,13,Ascomycota,Dothideomycetes,Pleosporales,Pleosporaceae,Curvularia,Unite,NA
144775,Aristida,Aristida.purpurea var. longesta,Native,Native,Otu182,2,Ascomycota,Dothideomycetes,Pleosporales,Pleosporaceae,Curvularia,Unite,NA
144762,Heteropogon,Heteropogon.contortus,Nonnative,Established,Otu249,1,Ascomycota,Dothideomycetes,Pleosporales,Pleosporales_fam_Incertae_sedis,Pleosporales_gen_Incertae_sedis,Unite,NA
144759,Setaria,Setaria.parviflora,Native,Native,Otu91,1,Chytridiomycota,Chytridiomycota_cls_Incertae_sedis,Chytridiomycota_ord_Incertae_sedis,Chytridiomycota_fam_Incertae_sedis,Chytridiomycota_gen_Incertae_sedis,Unite,NA
144755,Cenchrus,Cenchrus.ciliaris,Nonnative,Widespread.invasive,Otu37,1,Ascomycota,Sordariomycetes,Hypocreales,Stachybotryaceae,Alfaria,Unite,NA
144758,Setaria,Setaria.parviflora,Native,Native,Otu37,21,Ascomycota,Sordariomycetes,Hypocreales,Stachybotryaceae,Alfaria,Unite,NA
144759,Setaria,Setaria.parviflora,Native,Native,Otu37,1,Ascomycota,Sordariomycetes,Hypocreales,Stachybotryaceae,Alfaria,Unite,NA
144765,Elionurus,Elionurus.tripsacoides,Native,Native,Otu37,3,Ascomycota,Sordariomycetes,Hypocreales,Stachybotryaceae,Alfaria,Unite,NA
144749,Paspalum,Paspalum.plicatum,Native,Native,Otu141,2,Ascomycota,Dothideomycetes,Pleosporales,Pleosporaceae,Curvularia,Unite,NA
144764,Elionurus,Elionurus.tripsacoides,Native,Native,Otu141,19,Ascomycota,Dothideomycetes,Pleosporales,Pleosporaceae,Curvularia,Unite,NA
144765,Elionurus,Elionurus.tripsacoides,Native,Native,Otu141,4,Ascomycota,Dothideomycetes,Pleosporales,Pleosporaceae,Curvularia,Unite,NA
144766,Elionurus,Elionurus.tripsacoides,Native,Native,Otu141,434,Ascomycota,Dothideomycetes,Pleosporales,Pleosporaceae,Curvularia,Unite,NA
144773,Aristida,Aristida.purpurea var. longesta,Native,Native,Otu141,8,Ascomycota,Dothideomycetes,Pleosporales,Pleosporaceae,Curvularia,Unite,NA
144774,Aristida,Aristida.purpurea var. longesta,Native,Native,Otu141,15,Ascomycota,Dothideomycetes,Pleosporales,Pleosporaceae,Curvularia,Unite,NA
144775,Aristida,Aristida.purpurea var. longesta,Native,Native,Otu141,38,Ascomycota,Dothideomycetes,Pleosporales,Pleosporaceae,Curvularia,Unite,NA
144778,Eragrostis,Eragrostis.secundiflora,Native,Native,Otu141,2,Ascomycota,Dothideomycetes,Pleosporales,Pleosporaceae,Curvularia,Unite,NA
144749,Paspalum,Paspalum.plicatum,Native,Native,Otu23,860,Basidiomycota,Agaricomycetes,Boletales,Boletaceae,Boletus,Unite,NA
144750,Urochloa,Urochloa.mosambicensis,Nonnative,Established,Otu23,2,Basidiomycota,Agaricomycetes,Boletales,Boletaceae,Boletus,Unite,NA
144751,Urochloa,Urochloa.mosambicensis,Nonnative,Established,Otu23,3,Basidiomycota,Agaricomycetes,Boletales,Boletaceae,Boletus,Unite,NA
144754,Melinis,Melinis.repens,Nonnative,Widespread.invasive,Otu373,1,Ascomycota,Dothideomycetes,Pleosporales,Periconiaceae,Periconia,Unite,NA
144755,Cenchrus,Cenchrus.ciliaris,Nonnative,Widespread.invasive,Otu373,1,Ascomycota,Dothideomycetes,Pleosporales,Periconiaceae,Periconia,Unite,NA
144756,Cenchrus,Cenchrus.ciliaris,Nonnative,Widespread.invasive,Otu373,2,Ascomycota,Dothideomycetes,Pleosporales,Periconiaceae,Periconia,Unite,NA
144759,Setaria,Setaria.parviflora,Native,Native,Otu373,12,Ascomycota,Dothideomycetes,Pleosporales,Periconiaceae,Periconia,Unite,NA
144765,Elionurus,Elionurus.tripsacoides,Native,Native,Otu373,2,Ascomycota,Dothideomycetes,Pleosporales,Periconiaceae,Periconia,Unite,NA
144766,Elionurus,Elionurus.tripsacoides,Native,Native,Otu373,3,Ascomycota,Dothideomycetes,Pleosporales,Periconiaceae,Periconia,Unite,NA
144773,Aristida,Aristida.purpurea var. longesta,Native,Native,Otu373,2,Ascomycota,Dothideomycetes,Pleosporales,Periconiaceae,Periconia,Unite,NA
144774,Aristida,Aristida.purpurea var. longesta,Native,Native,Otu373,5,Ascomycota,Dothideomycetes,Pleosporales,Periconiaceae,Periconia,Unite,NA
144766,Elionurus,Elionurus.tripsacoides,Native,Native,Otu255,2,Basidiomycota,Agaricomycetes,Agaricales,Agaricaceae,Agaricus,Tbas,0.99663463
144757,Cenchrus,Cenchrus.ciliaris,Nonnative,Widespread.invasive,Otu20,4,Ascomycota,Dothideomycetes,Pleosporales,Didymosphaeriaceae,Paraphaeosphaeria,Unite,NA
144759,Setaria,Setaria.parviflora,Native,Native,Otu20,69,Ascomycota,Dothideomycetes,Pleosporales,Didymosphaeriaceae,Paraphaeosphaeria,Unite,NA
144764,Elionurus,Elionurus.tripsacoides,Native,Native,Otu20,9,Ascomycota,Dothideomycetes,Pleosporales,Didymosphaeriaceae,Paraphaeosphaeria,Unite,NA
144765,Elionurus,Elionurus.tripsacoides,Native,Native,Otu20,6,Ascomycota,Dothideomycetes,Pleosporales,Didymosphaeriaceae,Paraphaeosphaeria,Unite,NA
144766,Elionurus,Elionurus.tripsacoides,Native,Native,Otu20,31,Ascomycota,Dothideomycetes,Pleosporales,Didymosphaeriaceae,Paraphaeosphaeria,Unite,NA
144774,Aristida,Aristida.purpurea var. longesta,Native,Native,Otu20,15,Ascomycota,Dothideomycetes,Pleosporales,Didymosphaeriaceae,Paraphaeosphaeria,Unite,NA
144775,Aristida,Aristida.purpurea var. longesta,Native,Native,Otu20,2,Ascomycota,Dothideomycetes,Pleosporales,Didymosphaeriaceae,Paraphaeosphaeria,Unite,NA
144750,Urochloa,Urochloa.mosambicensis,Nonnative,Established,Otu8,1127,Basidiomycota,Agaricomycetes,Boletales,Boletaceae,Boletus,Unite,NA
144751,Urochloa,Urochloa.mosambicensis,Nonnative,Established,Otu8,2199,Basidiomycota,Agaricomycetes,Boletales,Boletaceae,Boletus,Unite,NA
144768,Bothriochloa,Bothriochloa.ischaemum,Nonnative,Widespread.invasive,Otu8,6,Basidiomycota,Agaricomycetes,Boletales,Boletaceae,Boletus,Unite,NA
144765,Elionurus,Elionurus.tripsacoides,Native,Native,Otu22,1,Ascomycota,Eurotiomycetes,Chaetothyriales,Cyphellophoraceae,Cyphellophora,Unite,NA
144766,Elionurus,Elionurus.tripsacoides,Native,Native,Otu22,1,Ascomycota,Eurotiomycetes,Chaetothyriales,Cyphellophoraceae,Cyphellophora,Unite,NA
144776,Eragrostis,Eragrostis.secundiflora,Native,Native,Otu22,4,Ascomycota,Eurotiomycetes,Chaetothyriales,Cyphellophoraceae,Cyphellophora,Unite,NA
144777,Eragrostis,Eragrostis.secundiflora,Native,Native,Otu22,1,Ascomycota,Eurotiomycetes,Chaetothyriales,Cyphellophoraceae,Cyphellophora,Unite,NA
144765,Elionurus,Elionurus.tripsacoides,Native,Native,Otu172,5,Ascomycota,Pezizomycotina_cls_Incertae_sedis,Pezizomycotina_ord_Incertae_sedis,Pezizomycotina_fam_Incertae_sedis,Melanophoma,Unite,NA
144766,Elionurus,Elionurus.tripsacoides,Native,Native,Otu172,4,Ascomycota,Pezizomycotina_cls_Incertae_sedis,Pezizomycotina_ord_Incertae_sedis,Pezizomycotina_fam_Incertae_sedis,Melanophoma,Unite,NA
144774,Aristida,Aristida.purpurea var. longesta,Native,Native,Otu172,5,Ascomycota,Pezizomycotina_cls_Incertae_sedis,Pezizomycotina_ord_Incertae_sedis,Pezizomycotina_fam_Incertae_sedis,Melanophoma,Unite,NA
144775,Aristida,Aristida.purpurea var. longesta,Native,Native,Otu172,15,Ascomycota,Pezizomycotina_cls_Incertae_sedis,Pezizomycotina_ord_Incertae_sedis,Pezizomycotina_fam_Incertae_sedis,Melanophoma,Unite,NA
144773,Aristida,Aristida.purpurea var. longesta,Native,Native,Otu844,785,Ascomycota,Dothideomycetes,Pleosporales,Pleosporaceae,Curvularia,Unite,NA
144774,Aristida,Aristida.purpurea var. longesta,Native,Native,Otu844,2,Ascomycota,Dothideomycetes,Pleosporales,Pleosporaceae,Curvularia,Unite,NA
144775,Aristida,Aristida.purpurea var. longesta,Native,Native,Otu844,2,Ascomycota,Dothideomycetes,Pleosporales,Pleosporaceae,Curvularia,Unite,NA
144764,Elionurus,Elionurus.tripsacoides,Native,Native,Otu40,2,Unknown,Unknown,Unknown,Unknown,Unknown,Did not meet thresholds,NA
144765,Elionurus,Elionurus.tripsacoides,Native,Native,Otu40,5,Unknown,Unknown,Unknown,Unknown,Unknown,Did not meet thresholds,NA
144759,Setaria,Setaria.parviflora,Native,Native,Otu11,1,Basidiomycota,Agaricomycetes,Boletales,Boletaceae,Boletus,Unite,NA
144767,Bothriochloa,Bothriochloa.ischaemum,Nonnative,Widespread.invasive,Otu11,384,Basidiomycota,Agaricomycetes,Boletales,Boletaceae,Boletus,Unite,NA
144768,Bothriochloa,Bothriochloa.ischaemum,Nonnative,Widespread.invasive,Otu11,1295,Basidiomycota,Agaricomycetes,Boletales,Boletaceae,Boletus,Unite,NA
144769,Bothriochloa,Bothriochloa.ischaemum,Nonnative,Widespread.invasive,Otu11,610,Basidiomycota,Agaricomycetes,Boletales,Boletaceae,Boletus,Unite,NA
144770,Eragrostis,Eragrostis.lugens,Native,Native,Otu11,2,Basidiomycota,Agaricomycetes,Boletales,Boletaceae,Boletus,Unite,NA
144760,Setaria,Setaria.parviflora,Native,Native,Otu134,1,Basidiomycota,Agaricomycetes,Boletales,Boletaceae,Boletus,Unite,NA
144771,Eragrostis,Eragrostis.lugens,Native,Native,Otu134,1,Basidiomycota,Agaricomycetes,Boletales,Boletaceae,Boletus,Unite,NA
144772,Eragrostis,Eragrostis.lugens,Native,Native,Otu134,2,Basidiomycota,Agaricomycetes,Boletales,Boletaceae,Boletus,Unite,NA
144773,Aristida,Aristida.purpurea var. longesta,Native,Native,Otu2,60,Basidiomycota,Agaricomycetes,Boletales,Boletaceae,Boletus,Unite,NA
144774,Aristida,Aristida.purpurea var. longesta,Native,Native,Otu2,487,Basidiomycota,Agaricomycetes,Boletales,Boletaceae,Boletus,Unite,NA
144775,Aristida,Aristida.purpurea var. longesta,Native,Native,Otu2,525,Basidiomycota,Agaricomycetes,Boletales,Boletaceae,Boletus,Unite,NA
144751,Urochloa,Urochloa.mosambicensis,Nonnative,Established,Otu528,2,Ascomycota,Geoglossomycetes,Geoglossales,Geoglossaceae,Leucoglossum,Unite,NA
144763,Heteropogon,Heteropogon.contortus,Nonnative,Established,Otu445,1,Basidiomycota,Ustilaginomycetes,Ustilaginales,Ustilaginaceae,Anthracocystis,Unite,NA
144764,Elionurus,Elionurus.tripsacoides,Native,Native,Otu445,5,Basidiomycota,Ustilaginomycetes,Ustilaginales,Ustilaginaceae,Anthracocystis,Unite,NA
144765,Elionurus,Elionurus.tripsacoides,Native,Native,Otu445,10,Basidiomycota,Ustilaginomycetes,Ustilaginales,Ustilaginaceae,Anthracocystis,Unite,NA
144766,Elionurus,Elionurus.tripsacoides,Native,Native,Otu445,15,Basidiomycota,Ustilaginomycetes,Ustilaginales,Ustilaginaceae,Anthracocystis,Unite,NA
144773,Aristida,Aristida.purpurea var. longesta,Native,Native,Otu362,1,Ascomycota,Dothideomycetes,Mycosphaerellales,Neodevriesiaceae,Neodevriesiaceae_gen_Incertae_sedis,Unite,NA
144754,Melinis,Melinis.repens,Nonnative,Widespread.invasive,Otu46,1,Ascomycota,Dothideomycetes,Mycosphaerellales,Neodevriesiaceae,Neodevriesiaceae_gen_Incertae_sedis,Unite,NA
144755,Cenchrus,Cenchrus.ciliaris,Nonnative,Widespread.invasive,Otu46,3,Ascomycota,Dothideomycetes,Mycosphaerellales,Neodevriesiaceae,Neodevriesiaceae_gen_Incertae_sedis,Unite,NA
144749,Paspalum,Paspalum.plicatum,Native,Native,Otu243,1,Zoopagomycota,Zoopagomycetes,Zoopagales,Helicocephalidaceae,Rhopalomyces,Tbas,0.991925645
144750,Urochloa,Urochloa.mosambicensis,Nonnative,Established,Otu243,1,Zoopagomycota,Zoopagomycetes,Zoopagales,Helicocephalidaceae,Rhopalomyces,Tbas,0.991925645
144753,Melinis,Melinis.repens,Nonnative,Widespread.invasive,Otu243,2,Zoopagomycota,Zoopagomycetes,Zoopagales,Helicocephalidaceae,Rhopalomyces,Tbas,0.991925645
144754,Melinis,Melinis.repens,Nonnative,Widespread.invasive,Otu243,2,Zoopagomycota,Zoopagomycetes,Zoopagales,Helicocephalidaceae,Rhopalomyces,Tbas,0.991925645
144756,Cenchrus,Cenchrus.ciliaris,Nonnative,Widespread.invasive,Otu243,2,Zoopagomycota,Zoopagomycetes,Zoopagales,Helicocephalidaceae,Rhopalomyces,Tbas,0.991925645
144758,Setaria,Setaria.parviflora,Native,Native,Otu243,44,Zoopagomycota,Zoopagomycetes,Zoopagales,Helicocephalidaceae,Rhopalomyces,Tbas,0.991925645
144759,Setaria,Setaria.parviflora,Native,Native,Otu243,113,Zoopagomycota,Zoopagomycetes,Zoopagales,Helicocephalidaceae,Rhopalomyces,Tbas,0.991925645
144760,Setaria,Setaria.parviflora,Native,Native,Otu243,3,Zoopagomycota,Zoopagomycetes,Zoopagales,Helicocephalidaceae,Rhopalomyces,Tbas,0.991925645
144763,Heteropogon,Heteropogon.contortus,Nonnative,Established,Otu243,2,Zoopagomycota,Zoopagomycetes,Zoopagales,Helicocephalidaceae,Rhopalomyces,Tbas,0.991925645
144768,Bothriochloa,Bothriochloa.ischaemum,Nonnative,Widespread.invasive,Otu243,271,Zoopagomycota,Zoopagomycetes,Zoopagales,Helicocephalidaceae,Rhopalomyces,Tbas,0.991925645
144771,Eragrostis,Eragrostis.lugens,Native,Native,Otu243,1,Zoopagomycota,Zoopagomycetes,Zoopagales,Helicocephalidaceae,Rhopalomyces,Tbas,0.991925645
144773,Aristida,Aristida.purpurea var. longesta,Native,Native,Otu222,2951,Ascomycota,Dothideomycetes,Myriangiales,Elsinoaceae,Elsinoe,Tbas,1
144774,Aristida,Aristida.purpurea var. longesta,Native,Native,Otu222,168,Ascomycota,Dothideomycetes,Myriangiales,Elsinoaceae,Elsinoe,Tbas,1
144775,Aristida,Aristida.purpurea var. longesta,Native,Native,Otu222,289,Ascomycota,Dothideomycetes,Myriangiales,Elsinoaceae,Elsinoe,Tbas,1
144749,Paspalum,Paspalum.plicatum,Native,Native,Otu218,4,Ascomycota,Dothideomycetes,Pleosporales,Pleosporaceae,Curvularia,Unite,NA
144753,Melinis,Melinis.repens,Nonnative,Widespread.invasive,Otu218,1,Ascomycota,Dothideomycetes,Pleosporales,Pleosporaceae,Curvularia,Unite,NA
144754,Melinis,Melinis.repens,Nonnative,Widespread.invasive,Otu218,2,Ascomycota,Dothideomycetes,Pleosporales,Pleosporaceae,Curvularia,Unite,NA
144759,Setaria,Setaria.parviflora,Native,Native,Otu218,1,Ascomycota,Dothideomycetes,Pleosporales,Pleosporaceae,Curvularia,Unite,NA
144768,Bothriochloa,Bothriochloa.ischaemum,Nonnative,Widespread.invasive,Otu218,1,Ascomycota,Dothideomycetes,Pleosporales,Pleosporaceae,Curvularia,Unite,NA
144774,Aristida,Aristida.purpurea var. longesta,Native,Native,Otu218,7,Ascomycota,Dothideomycetes,Pleosporales,Pleosporaceae,Curvularia,Unite,NA
144749,Paspalum,Paspalum.plicatum,Native,Native,Otu59,3,Unknown,Unknown,Unknown,Unknown,Unknown,Tbas.Unite,NA
144754,Melinis,Melinis.repens,Nonnative,Widespread.invasive,Otu59,1,Unknown,Unknown,Unknown,Unknown,Unknown,Tbas.Unite,NA
144766,Elionurus,Elionurus.tripsacoides,Native,Native,Otu59,5,Unknown,Unknown,Unknown,Unknown,Unknown,Tbas.Unite,NA
144774,Aristida,Aristida.purpurea var. longesta,Native,Native,Otu59,6,Unknown,Unknown,Unknown,Unknown,Unknown,Tbas.Unite,NA
144756,Cenchrus,Cenchrus.ciliaris,Nonnative,Widespread.invasive,Otu294,1,Ascomycota,Sordariomycetes,Hypocreales,Stachybotryaceae,Alfaria,Unite,NA
144777,Eragrostis,Eragrostis.secundiflora,Native,Native,Otu294,1,Ascomycota,Sordariomycetes,Hypocreales,Stachybotryaceae,Alfaria,Unite,NA
144757,Cenchrus,Cenchrus.ciliaris,Nonnative,Widespread.invasive,Otu403,1,Basidiomycota,Microbotryomycetes,Microbotryomycetes_ord_Incertae_sedis,Chrysozymaceae,Chrysozyma,Unite,NA
144776,Eragrostis,Eragrostis.secundiflora,Native,Native,Otu211,1,Ascomycota,Dothideomycetes,Pleosporales,Phaeosphaeriaceae,Pseudoophiosphaerella,Unite,NA
144760,Setaria,Setaria.parviflora,Native,Native,Otu210,1,Ascomycota,Dothideomycetes,Pleosporales,Phaeosphaeriaceae,Phaeosphaeriaceae_gen_Incertae_sedis,Unite,NA
144766,Elionurus,Elionurus.tripsacoides,Native,Native,Otu210,2,Ascomycota,Dothideomycetes,Pleosporales,Phaeosphaeriaceae,Phaeosphaeriaceae_gen_Incertae_sedis,Unite,NA
144759,Setaria,Setaria.parviflora,Native,Native,Otu132,4,Zoopagomycota,Zoopagomycetes,Zoopagales,Helicocephalidaceae,Rhopalomyces,Tbas,0.999320175
144764,Elionurus,Elionurus.tripsacoides,Native,Native,Otu33,2,Basidiomycota,Tremellomycetes,Tremellales,Bulleribasidiaceae,Vishniacozyma,Unite,NA
144765,Elionurus,Elionurus.tripsacoides,Native,Native,Otu33,3,Basidiomycota,Tremellomycetes,Tremellales,Bulleribasidiaceae,Vishniacozyma,Unite,NA
144766,Elionurus,Elionurus.tripsacoides,Native,Native,Otu33,1,Basidiomycota,Tremellomycetes,Tremellales,Bulleribasidiaceae,Vishniacozyma,Unite,NA
144759,Setaria,Setaria.parviflora,Native,Native,Otu142,3,Ascomycota,Dothideomycetes,Pleosporales,Phaeosphaeriaceae,Phaeosphaeria,Unite,NA
144764,Elionurus,Elionurus.tripsacoides,Native,Native,Otu142,10,Ascomycota,Dothideomycetes,Pleosporales,Phaeosphaeriaceae,Phaeosphaeria,Unite,NA
144765,Elionurus,Elionurus.tripsacoides,Native,Native,Otu142,4,Ascomycota,Dothideomycetes,Pleosporales,Phaeosphaeriaceae,Phaeosphaeria,Unite,NA
144766,Elionurus,Elionurus.tripsacoides,Native,Native,Otu142,11,Ascomycota,Dothideomycetes,Pleosporales,Phaeosphaeriaceae,Phaeosphaeria,Unite,NA
144771,Eragrostis,Eragrostis.lugens,Native,Native,Otu142,1,Ascomycota,Dothideomycetes,Pleosporales,Phaeosphaeriaceae,Phaeosphaeria,Unite,NA
144774,Aristida,Aristida.purpurea var. longesta,Native,Native,Otu142,1,Ascomycota,Dothideomycetes,Pleosporales,Phaeosphaeriaceae,Phaeosphaeria,Unite,NA
144776,Eragrostis,Eragrostis.secundiflora,Native,Native,Otu142,2,Ascomycota,Dothideomycetes,Pleosporales,Phaeosphaeriaceae,Phaeosphaeria,Unite,NA
144777,Eragrostis,Eragrostis.secundiflora,Native,Native,Otu142,1,Ascomycota,Dothideomycetes,Pleosporales,Phaeosphaeriaceae,Phaeosphaeria,Unite,NA
144775,Aristida,Aristida.purpurea var. longesta,Native,Native,Otu217,15,Ascomycota,Dothideomycetes,Pleosporales,Pleosporaceae,Stemphylium,Unite,NA
144750,Urochloa,Urochloa.mosambicensis,Nonnative,Established,Otu7,173,Basidiomycota,Agaricomycetes,Boletales,Boletaceae,Boletus,Unite,NA
144751,Urochloa,Urochloa.mosambicensis,Nonnative,Established,Otu7,326,Basidiomycota,Agaricomycetes,Boletales,Boletaceae,Boletus,Unite,NA
144775,Aristida,Aristida.purpurea var. longesta,Native,Native,Otu329,1,Ascomycota,Sordariomycetes,Hypocreales,Bionectriaceae,Bionectriaceae_gen_Incertae_sedis,Unite,NA
144750,Urochloa,Urochloa.mosambicensis,Nonnative,Established,Otu226,2,Unknown,Unknown,Unknown,Unknown,Unknown,Did not meet thresholds,NA
144751,Urochloa,Urochloa.mosambicensis,Nonnative,Established,Otu226,2,Unknown,Unknown,Unknown,Unknown,Unknown,Did not meet thresholds,NA
144750,Urochloa,Urochloa.mosambicensis,Nonnative,Established,Otu381,3,Basidiomycota,Ustilaginomycetes,Ustilaginales,Ustilaginaceae,Ustilaginaceae_gen_Incertae_sedis,Unite,NA
144759,Setaria,Setaria.parviflora,Native,Native,Otu381,1,Basidiomycota,Ustilaginomycetes,Ustilaginales,Ustilaginaceae,Ustilaginaceae_gen_Incertae_sedis,Unite,NA
144760,Setaria,Setaria.parviflora,Native,Native,Otu381,2,Basidiomycota,Ustilaginomycetes,Ustilaginales,Ustilaginaceae,Ustilaginaceae_gen_Incertae_sedis,Unite,NA
144773,Aristida,Aristida.purpurea var. longesta,Native,Native,Otu381,1,Basidiomycota,Ustilaginomycetes,Ustilaginales,Ustilaginaceae,Ustilaginaceae_gen_Incertae_sedis,Unite,NA
144775,Aristida,Aristida.purpurea var. longesta,Native,Native,Otu381,3,Basidiomycota,Ustilaginomycetes,Ustilaginales,Ustilaginaceae,Ustilaginaceae_gen_Incertae_sedis,Unite,NA
144750,Urochloa,Urochloa.mosambicensis,Nonnative,Established,Otu61,1,Basidiomycota,Agaricomycetes,Sebacinales,Serendipitaceae,Serendipitaceae_gen_Incertae_sedis,Unite,NA
144751,Urochloa,Urochloa.mosambicensis,Nonnative,Established,Otu61,1,Basidiomycota,Agaricomycetes,Sebacinales,Serendipitaceae,Serendipitaceae_gen_Incertae_sedis,Unite,NA
144751,Urochloa,Urochloa.mosambicensis,Nonnative,Established,Otu212,4,Ascomycota,Saccharomycetes,Saccharomycetales,Saccharomycetaceae,Zygotorulaspora,Unite,NA
144750,Urochloa,Urochloa.mosambicensis,Nonnative,Established,Otu85,2,Basidiomycota,Agaricomycetes,Boletales,Boletaceae,Boletus,Unite,NA
144751,Urochloa,Urochloa.mosambicensis,Nonnative,Established,Otu85,2,Basidiomycota,Agaricomycetes,Boletales,Boletaceae,Boletus,Unite,NA
144757,Cenchrus,Cenchrus.ciliaris,Nonnative,Widespread.invasive,Otu727,1,Unknown,Unknown,Unknown,Unknown,Unknown,Tbas.Unite,NA
144750,Urochloa,Urochloa.mosambicensis,Nonnative,Established,Otu184,1,Basidiomycota,Agaricomycetes,Agaricales,Marasmiaceae,Marasmius,Unite,NA
144751,Urochloa,Urochloa.mosambicensis,Nonnative,Established,Otu115,1,Ascomycota,Saccharomycetes,Saccharomycetales,Dipodascaceae,Magnusiomyces,Tbas,0.982013982
144774,Aristida,Aristida.purpurea var. longesta,Native,Native,Otu383,10,Basidiomycota,Agaricomycetes,Agaricales,Agaricaceae,Montagnea,Unite,NA
144751,Urochloa,Urochloa.mosambicensis,Nonnative,Established,Otu435,1,Ascomycota,Dothideomycetes,Pleosporales,Didymosphaeriaceae,Letendraea,Unite,NA
144754,Melinis,Melinis.repens,Nonnative,Widespread.invasive,Otu435,2,Ascomycota,Dothideomycetes,Pleosporales,Didymosphaeriaceae,Letendraea,Unite,NA
144757,Cenchrus,Cenchrus.ciliaris,Nonnative,Widespread.invasive,Otu435,1,Ascomycota,Dothideomycetes,Pleosporales,Didymosphaeriaceae,Letendraea,Unite,NA
144766,Elionurus,Elionurus.tripsacoides,Native,Native,Otu435,13,Ascomycota,Dothideomycetes,Pleosporales,Didymosphaeriaceae,Letendraea,Unite,NA
144773,Aristida,Aristida.purpurea var. longesta,Native,Native,Otu435,2,Ascomycota,Dothideomycetes,Pleosporales,Didymosphaeriaceae,Letendraea,Unite,NA
144774,Aristida,Aristida.purpurea var. longesta,Native,Native,Otu435,24,Ascomycota,Dothideomycetes,Pleosporales,Didymosphaeriaceae,Letendraea,Unite,NA
144775,Aristida,Aristida.purpurea var. longesta,Native,Native,Otu435,5,Ascomycota,Dothideomycetes,Pleosporales,Didymosphaeriaceae,Letendraea,Unite,NA
144755,Cenchrus,Cenchrus.ciliaris,Nonnative,Widespread.invasive,Otu423,2,Basidiomycota,Agaricomycetes,Agaricales,Psathyrellaceae,Parasola,Tbas,1
144751,Urochloa,Urochloa.mosambicensis,Nonnative,Established,Otu126,1,Ascomycota,Eurotiomycetes,Chaetothyriales,Chaetothyriales_fam_Incertae_sedis,Chaetothyriales_gen_Incertae_sedis,Unite,NA
144776,Eragrostis,Eragrostis.secundiflora,Native,Native,Otu126,1,Ascomycota,Eurotiomycetes,Chaetothyriales,Chaetothyriales_fam_Incertae_sedis,Chaetothyriales_gen_Incertae_sedis,Unite,NA
144751,Urochloa,Urochloa.mosambicensis,Nonnative,Established,Otu251,1,Basidiomycota,Agaricomycetes,Jaapiales,Jaapiaceae,Jaapia,Tbas,0.994331595
144751,Urochloa,Urochloa.mosambicensis,Nonnative,Established,Otu718,2,Ascomycota,Eurotiomycetes,Eurotiales,Aspergillaceae,Penicillium,Unite,NA
144751,Urochloa,Urochloa.mosambicensis,Nonnative,Established,Otu39,2,Basidiomycota,Ustilaginomycetes,Ustilaginales,Ustilaginaceae,Anthracocystis,Unite,NA
144766,Elionurus,Elionurus.tripsacoides,Native,Native,Otu39,242,Basidiomycota,Ustilaginomycetes,Ustilaginales,Ustilaginaceae,Anthracocystis,Unite,NA
144775,Aristida,Aristida.purpurea var. longesta,Native,Native,Otu39,10,Basidiomycota,Ustilaginomycetes,Ustilaginales,Ustilaginaceae,Anthracocystis,Unite,NA
144776,Eragrostis,Eragrostis.secundiflora,Native,Native,Otu39,80,Basidiomycota,Ustilaginomycetes,Ustilaginales,Ustilaginaceae,Anthracocystis,Unite,NA
144778,Eragrostis,Eragrostis.secundiflora,Native,Native,Otu39,1,Basidiomycota,Ustilaginomycetes,Ustilaginales,Ustilaginaceae,Anthracocystis,Unite,NA
144757,Cenchrus,Cenchrus.ciliaris,Nonnative,Widespread.invasive,Otu120,1,Ascomycota,Dothideomycetes,Cladosporiales,Cladosporiaceae,Toxicocladosporium,Unite,NA
144751,Urochloa,Urochloa.mosambicensis,Nonnative,Established,Otu815,1,Basidiomycota,Ustilaginomycetes,Ustilaginales,Ustilaginaceae,Ustilago,Unite,NA
144766,Elionurus,Elionurus.tripsacoides,Native,Native,Otu815,2,Basidiomycota,Ustilaginomycetes,Ustilaginales,Ustilaginaceae,Ustilago,Unite,NA
144773,Aristida,Aristida.purpurea var. longesta,Native,Native,Otu815,7,Basidiomycota,Ustilaginomycetes,Ustilaginales,Ustilaginaceae,Ustilago,Unite,NA
144774,Aristida,Aristida.purpurea var. longesta,Native,Native,Otu815,27,Basidiomycota,Ustilaginomycetes,Ustilaginales,Ustilaginaceae,Ustilago,Unite,NA
144775,Aristida,Aristida.purpurea var. longesta,Native,Native,Otu815,271,Basidiomycota,Ustilaginomycetes,Ustilaginales,Ustilaginaceae,Ustilago,Unite,NA
144751,Urochloa,Urochloa.mosambicensis,Nonnative,Established,Otu263,1,Ascomycota,Leotiomycetes,Helotiales,Hyaloscyphaceae,Hyaloscyphaceae_gen_Incertae_sedis,Unite,NA
144755,Cenchrus,Cenchrus.ciliaris,Nonnative,Widespread.invasive,Otu79,1,Ascomycota,Leotiomycetes,Helotiales,Discinellaceae,Articulospora,Unite,NA
144755,Cenchrus,Cenchrus.ciliaris,Nonnative,Widespread.invasive,Otu409,1,Basidiomycota,Agaricomycetes,Boletales,Boletaceae,Boletus,Unite,NA
144755,Cenchrus,Cenchrus.ciliaris,Nonnative,Widespread.invasive,Otu36,47,Unknown,Unknown,Unknown,Unknown,Unknown,Did not meet thresholds,NA
144756,Cenchrus,Cenchrus.ciliaris,Nonnative,Widespread.invasive,Otu36,56,Unknown,Unknown,Unknown,Unknown,Unknown,Did not meet thresholds,NA
144757,Cenchrus,Cenchrus.ciliaris,Nonnative,Widespread.invasive,Otu36,66,Unknown,Unknown,Unknown,Unknown,Unknown,Did not meet thresholds,NA
144753,Melinis,Melinis.repens,Nonnative,Widespread.invasive,Otu655,1,Ascomycota,Lecanoromycetes,Ostropales,Stictidaceae,Glomerobolus,Unite,NA
144754,Melinis,Melinis.repens,Nonnative,Widespread.invasive,Otu655,3,Ascomycota,Lecanoromycetes,Ostropales,Stictidaceae,Glomerobolus,Unite,NA
144768,Bothriochloa,Bothriochloa.ischaemum,Nonnative,Widespread.invasive,Otu655,1,Ascomycota,Lecanoromycetes,Ostropales,Stictidaceae,Glomerobolus,Unite,NA
144777,Eragrostis,Eragrostis.secundiflora,Native,Native,Otu655,1,Ascomycota,Lecanoromycetes,Ostropales,Stictidaceae,Glomerobolus,Unite,NA
144754,Melinis,Melinis.repens,Nonnative,Widespread.invasive,Otu21,2,Ascomycota,Dothideomycetes,Monoblastiales,Monoblastiaceae,Anisomeridium,Unite,NA
144757,Cenchrus,Cenchrus.ciliaris,Nonnative,Widespread.invasive,Otu374,7,Basidiomycota,Ustilaginomycetes,Ustilaginales,Ustilaginaceae,Ustilaginaceae_gen_Incertae_sedis,Unite,NA
144758,Setaria,Setaria.parviflora,Native,Native,Otu374,1,Basidiomycota,Ustilaginomycetes,Ustilaginales,Ustilaginaceae,Ustilaginaceae_gen_Incertae_sedis,Unite,NA
144754,Melinis,Melinis.repens,Nonnative,Widespread.invasive,Otu89,1,Ascomycota,Dothideomycetes,Pleosporales,Phaeosphaeriaceae,Galiicola,Tbas,0.999999654
144755,Cenchrus,Cenchrus.ciliaris,Nonnative,Widespread.invasive,Otu89,5,Ascomycota,Dothideomycetes,Pleosporales,Phaeosphaeriaceae,Galiicola,Tbas,0.999999654
144766,Elionurus,Elionurus.tripsacoides,Native,Native,Otu89,1,Ascomycota,Dothideomycetes,Pleosporales,Phaeosphaeriaceae,Galiicola,Tbas,0.999999654
144781,Eragrostis,Eragrostis.secundiflora,Native,Native,Otu283,1,Basidiomycota,Agaricomycetes,Agaricales,Psathyrellaceae,Parasola,Tbas,1
144768,Bothriochloa,Bothriochloa.ischaemum,Nonnative,Widespread.invasive,Otu19,1,Ascomycota,Dothideomycetes,Monoblastiales,Monoblastiaceae,Anisomeridium,Unite,NA
144754,Melinis,Melinis.repens,Nonnative,Widespread.invasive,Otu225,1,Ascomycota,Dothideomycetes,Mytilinidiales,Mytilinidiaceae,Pseudocamaropycnis,Tbas,0.965984151
144766,Elionurus,Elionurus.tripsacoides,Native,Native,Otu865,1,Ascomycota,Dothideomycetes,Pleosporales,Didymosphaeriaceae,Austropleospora,Tbas,0.960158864
144763,Heteropogon,Heteropogon.contortus,Nonnative,Established,Otu74,4,Ascomycota,Lecanoromycetes,Ostropales,Stictidaceae,Glomerobolus,Unite,NA
144778,Eragrostis,Eragrostis.secundiflora,Native,Native,Otu74,16,Ascomycota,Lecanoromycetes,Ostropales,Stictidaceae,Glomerobolus,Unite,NA
144772,Eragrostis,Eragrostis.lugens,Native,Native,Otu47,1,Basidiomycota,Agaricomycetes,Sebacinales,Sebacinaceae,Sebacina,Unite,NA
144754,Melinis,Melinis.repens,Nonnative,Widespread.invasive,Otu411,1,Ascomycota,Dothideomycetes,Pleosporales,Periconiaceae,Periconia,Unite,NA
144759,Setaria,Setaria.parviflora,Native,Native,Otu411,3,Ascomycota,Dothideomycetes,Pleosporales,Periconiaceae,Periconia,Unite,NA
144766,Elionurus,Elionurus.tripsacoides,Native,Native,Otu411,2,Ascomycota,Dothideomycetes,Pleosporales,Periconiaceae,Periconia,Unite,NA
144775,Aristida,Aristida.purpurea var. longesta,Native,Native,Otu411,1,Ascomycota,Dothideomycetes,Pleosporales,Periconiaceae,Periconia,Unite,NA
144766,Elionurus,Elionurus.tripsacoides,Native,Native,Otu791,2,Ascomycota,Leotiomycetes,Helotiales,Hyaloscyphaceae,Hyaloscyphaceae_gen_Incertae_sedis,Unite,NA
144754,Melinis,Melinis.repens,Nonnative,Widespread.invasive,Otu241,1,Ascomycota,Dothideomycetes,Mycosphaerellales,Dissoconiaceae,Paradissoconium,Tbas,0.981532585
144754,Melinis,Melinis.repens,Nonnative,Widespread.invasive,Otu966,1,Ascomycota,Dothideomycetes,Botryosphaeriales,Saccharataceae,Saccharata,Unite,NA
144754,Melinis,Melinis.repens,Nonnative,Widespread.invasive,Otu400,1,Basidiomycota,Agaricomycetes,Agaricales,Agaricaceae,Agaricus,Tbas,0.999925246
144768,Bothriochloa,Bothriochloa.ischaemum,Nonnative,Widespread.invasive,Otu400,1,Basidiomycota,Agaricomycetes,Agaricales,Agaricaceae,Agaricus,Tbas,0.999925246
144774,Aristida,Aristida.purpurea var. longesta,Native,Native,Otu169,1,Ascomycota,Dothideomycetes,Mycosphaerellales,Neodevriesiaceae,Neodevriesiaceae_gen_Incertae_sedis,Unite,NA
144755,Cenchrus,Cenchrus.ciliaris,Nonnative,Widespread.invasive,Otu412,2,Unknown,Unknown,Unknown,Unknown,Unknown,Did not meet thresholds,NA
144756,Cenchrus,Cenchrus.ciliaris,Nonnative,Widespread.invasive,Otu412,2,Unknown,Unknown,Unknown,Unknown,Unknown,Did not meet thresholds,NA
144757,Cenchrus,Cenchrus.ciliaris,Nonnative,Widespread.invasive,Otu412,2,Unknown,Unknown,Unknown,Unknown,Unknown,Did not meet thresholds,NA
144764,Elionurus,Elionurus.tripsacoides,Native,Native,Otu83,1,Ascomycota,Sordariomycetes,Hypocreales,Sarocladiaceae,Sarocladium,Tbas,1
144755,Cenchrus,Cenchrus.ciliaris,Nonnative,Widespread.invasive,Otu385,1,Basidiomycota,Agaricomycetes,Agaricales,Agaricaceae,Agaricus,Tbas,0.999975868
144755,Cenchrus,Cenchrus.ciliaris,Nonnative,Widespread.invasive,Otu428,2,Unknown,Unknown,Unknown,Unknown,Unknown,Did not meet thresholds,NA
144757,Cenchrus,Cenchrus.ciliaris,Nonnative,Widespread.invasive,Otu428,2,Unknown,Unknown,Unknown,Unknown,Unknown,Did not meet thresholds,NA
144755,Cenchrus,Cenchrus.ciliaris,Nonnative,Widespread.invasive,Otu533,1,Basidiomycota,Microbotryomycetes,Microbotryomycetes_ord_Incertae_sedis,Chrysozymaceae,Chrysozyma,Unite,NA
144756,Cenchrus,Cenchrus.ciliaris,Nonnative,Widespread.invasive,Otu157,1,Basidiomycota,Tremellomycetes,Tremellales,Bulleribasidiaceae,Vishniacozyma,Unite,NA
144755,Cenchrus,Cenchrus.ciliaris,Nonnative,Widespread.invasive,Otu408,4,Basidiomycota,Agaricomycetes,Agaricales,Psathyrellaceae,Parasola,Tbas,1
144755,Cenchrus,Cenchrus.ciliaris,Nonnative,Widespread.invasive,Otu551,1,Ascomycota,Dothideomycetes,Myriangiales,Elsinoaceae,Elsinoe,Tbas,1
144755,Cenchrus,Cenchrus.ciliaris,Nonnative,Widespread.invasive,Otu56,1,Basidiomycota,Tremellomycetes,Tremellales,Bulleribasidiaceae,Vishniacozyma,Unite,NA
144756,Cenchrus,Cenchrus.ciliaris,Nonnative,Widespread.invasive,Otu56,1,Basidiomycota,Tremellomycetes,Tremellales,Bulleribasidiaceae,Vishniacozyma,Unite,NA
144757,Cenchrus,Cenchrus.ciliaris,Nonnative,Widespread.invasive,Otu56,1,Basidiomycota,Tremellomycetes,Tremellales,Bulleribasidiaceae,Vishniacozyma,Unite,NA
144755,Cenchrus,Cenchrus.ciliaris,Nonnative,Widespread.invasive,Otu388,1,Ascomycota,Sordariomycetes,Hypocreales,Bionectriaceae,Bionectriaceae_gen_Incertae_sedis,Unite,NA
144766,Elionurus,Elionurus.tripsacoides,Native,Native,Otu388,1,Ascomycota,Sordariomycetes,Hypocreales,Bionectriaceae,Bionectriaceae_gen_Incertae_sedis,Unite,NA
144773,Aristida,Aristida.purpurea var. longesta,Native,Native,Otu167,1,Ascomycota,Dothideomycetes,Botryosphaeriales,Botryosphaeriaceae,Diplodia,Unite,NA
144778,Eragrostis,Eragrostis.secundiflora,Native,Native,Otu737,1,Ascomycota,Saccharomycetes,Saccharomycetales,Debaryomycetaceae,Kurtzmaniella,Unite,NA
144755,Cenchrus,Cenchrus.ciliaris,Nonnative,Widespread.invasive,Otu794,1,Basidiomycota,Agaricomycetes,Corticiales,Corticiaceae,Laetisaria,Tbas,1
144755,Cenchrus,Cenchrus.ciliaris,Nonnative,Widespread.invasive,Otu761,1,Basidiomycota,Agaricomycetes,Hymenochaetales,Hymenochaetaceae,Hymenochaetaceae_gen_Incertae_sedis,Unite,NA
144764,Elionurus,Elionurus.tripsacoides,Native,Native,Otu761,3,Basidiomycota,Agaricomycetes,Hymenochaetales,Hymenochaetaceae,Hymenochaetaceae_gen_Incertae_sedis,Unite,NA
144775,Aristida,Aristida.purpurea var. longesta,Native,Native,Otu69,2,Basidiomycota,Agaricomycetes,Corticiales,Corticiaceae,Laetisaria,Tbas,0.981833719
144756,Cenchrus,Cenchrus.ciliaris,Nonnative,Widespread.invasive,Otu100,2,Basidiomycota,Agaricomycetes,Russulales,Russulales_fam_Incertae_sedis,Russulales_gen_Incertae_sedis,Unite,NA
144757,Cenchrus,Cenchrus.ciliaris,Nonnative,Widespread.invasive,Otu100,1,Basidiomycota,Agaricomycetes,Russulales,Russulales_fam_Incertae_sedis,Russulales_gen_Incertae_sedis,Unite,NA
144757,Cenchrus,Cenchrus.ciliaris,Nonnative,Widespread.invasive,Otu13,398,Basidiomycota,Agaricomycetes,Boletales,Boletaceae,Boletus,Unite,NA
144758,Setaria,Setaria.parviflora,Native,Native,Otu13,53,Basidiomycota,Agaricomycetes,Boletales,Boletaceae,Boletus,Unite,NA
144777,Eragrostis,Eragrostis.secundiflora,Native,Native,Otu13,5,Basidiomycota,Agaricomycetes,Boletales,Boletaceae,Boletus,Unite,NA
144759,Setaria,Setaria.parviflora,Native,Native,Otu65,2,Basidiomycota,Ustilaginomycetes,Ustilaginales,Ustilaginaceae,Macalpinomyces,Unite,NA
144757,Cenchrus,Cenchrus.ciliaris,Nonnative,Widespread.invasive,Otu801,2,Ascomycota,Geoglossomycetes,Geoglossales,Geoglossaceae,Leucoglossum,Unite,NA
144757,Cenchrus,Cenchrus.ciliaris,Nonnative,Widespread.invasive,Otu54,2,Basidiomycota,Agaricomycetes,Agaricales,Agaricaceae,Agaricus,Tbas,1
144759,Setaria,Setaria.parviflora,Native,Native,Otu54,1,Basidiomycota,Agaricomycetes,Agaricales,Agaricaceae,Agaricus,Tbas,1
144773,Aristida,Aristida.purpurea var. longesta,Native,Native,Otu54,1,Basidiomycota,Agaricomycetes,Agaricales,Agaricaceae,Agaricus,Tbas,1
144774,Aristida,Aristida.purpurea var. longesta,Native,Native,Otu54,1,Basidiomycota,Agaricomycetes,Agaricales,Agaricaceae,Agaricus,Tbas,1
144757,Cenchrus,Cenchrus.ciliaris,Nonnative,Widespread.invasive,Otu392,2,Basidiomycota,Ustilaginomycetes,Ustilaginales,Ustilaginaceae,Ustilago,Unite,NA
144757,Cenchrus,Cenchrus.ciliaris,Nonnative,Widespread.invasive,Otu368,3,Basidiomycota,Agaricomycetes,Agaricales,Psathyrellaceae,Parasola,Tbas,1
144757,Cenchrus,Cenchrus.ciliaris,Nonnative,Widespread.invasive,Otu208,1,Basidiomycota,Agaricomycetes,Corticiales,Corticiaceae,Laetisaria,Tbas,0.99554507
144757,Cenchrus,Cenchrus.ciliaris,Nonnative,Widespread.invasive,Otu752,1,Basidiomycota,Agaricomycetes,Thelephorales,Thelephoraceae,Tomentella,Unite,NA
144757,Cenchrus,Cenchrus.ciliaris,Nonnative,Widespread.invasive,Otu158,1,Ascomycota,Saccharomycetes,Saccharomycetales,Dipodascaceae,Magnusiomyces,Tbas,0.993458711
144757,Cenchrus,Cenchrus.ciliaris,Nonnative,Widespread.invasive,Otu230,2,Basidiomycota,Ustilaginomycetes,Ustilaginales,Ustilaginaceae,Sporisorium,Unite,NA
144757,Cenchrus,Cenchrus.ciliaris,Nonnative,Widespread.invasive,Otu919,1,Unknown,Unknown,Unknown,Unknown,Unknown,Tbas.Unite,NA
144757,Cenchrus,Cenchrus.ciliaris,Nonnative,Widespread.invasive,Otu944,1,Basidiomycota,Agaricomycetes,Hymenochaetales,Hyphodontiaceae,Kneiffiella,Unite,NA
144757,Cenchrus,Cenchrus.ciliaris,Nonnative,Widespread.invasive,Otu804,2,Basidiomycota,Agaricomycetes,Agaricales,Agaricaceae,Agaricus,Tbas,0.999865601
144757,Cenchrus,Cenchrus.ciliaris,Nonnative,Widespread.invasive,Otu790,2,Ascomycota,Sordariomycetes,Ophiostomatales,Ophiostomataceae,Graphilbum,Unite,NA
144764,Elionurus,Elionurus.tripsacoides,Native,Native,Otu864,2,Basidiomycota,Agaricomycetes,Polyporales,Ganodermataceae,Ganoderma,Unite,NA
144774,Aristida,Aristida.purpurea var. longesta,Native,Native,Otu864,3,Basidiomycota,Agaricomycetes,Polyporales,Ganodermataceae,Ganoderma,Unite,NA
144761,Heteropogon,Heteropogon.contortus,Nonnative,Established,Otu248,1,Basidiomycota,Agaricomycetes,Agaricales,Agaricaceae,Tulostoma,Unite,NA
144758,Setaria,Setaria.parviflora,Native,Native,Otu870,115,Zoopagomycota,Zoopagomycetes,Zoopagales,Helicocephalidaceae,Rhopalomyces,Tbas,0.981903729
144758,Setaria,Setaria.parviflora,Native,Native,Otu144,2,Basidiomycota,Agaricomycetes,Boletales,Boletaceae,Boletus,Unite,NA
144759,Setaria,Setaria.parviflora,Native,Native,Otu144,7,Basidiomycota,Agaricomycetes,Boletales,Boletaceae,Boletus,Unite,NA
144760,Setaria,Setaria.parviflora,Native,Native,Otu144,5,Basidiomycota,Agaricomycetes,Boletales,Boletaceae,Boletus,Unite,NA
144759,Setaria,Setaria.parviflora,Native,Native,Otu25,3,Microsporidia,Microsporidia incertae sedis,.,.,Antonospora,Tbas,1
144760,Setaria,Setaria.parviflora,Native,Native,Otu25,2,Microsporidia,Microsporidia incertae sedis,.,.,Antonospora,Tbas,1
144758,Setaria,Setaria.parviflora,Native,Native,Otu415,2,Basidiomycota,Agaricomycetes,Boletales,Boletaceae,Boletus,Unite,NA
144759,Setaria,Setaria.parviflora,Native,Native,Otu415,3,Basidiomycota,Agaricomycetes,Boletales,Boletaceae,Boletus,Unite,NA
144760,Setaria,Setaria.parviflora,Native,Native,Otu415,2,Basidiomycota,Agaricomycetes,Boletales,Boletaceae,Boletus,Unite,NA
144759,Setaria,Setaria.parviflora,Native,Native,Otu375,1,Unknown,Unknown,Unknown,Unknown,Unknown,Did not meet thresholds,NA
144765,Elionurus,Elionurus.tripsacoides,Native,Native,Otu923,2,Basidiomycota,Agaricomycetes,Sebacinales,Serendipitaceae,Serendipitaceae_gen_Incertae_sedis,Unite,NA
144775,Aristida,Aristida.purpurea var. longesta,Native,Native,Otu923,5,Basidiomycota,Agaricomycetes,Sebacinales,Serendipitaceae,Serendipitaceae_gen_Incertae_sedis,Unite,NA
144758,Setaria,Setaria.parviflora,Native,Native,Otu153,1,Basidiomycota,Agaricomycetes,Agaricales,Inocybaceae,Inocybe,Tbas,0.999966564
144766,Elionurus,Elionurus.tripsacoides,Native,Native,Otu153,1,Basidiomycota,Agaricomycetes,Agaricales,Inocybaceae,Inocybe,Tbas,0.999966564
144758,Setaria,Setaria.parviflora,Native,Native,Otu44,1,Unknown,Unknown,Unknown,Unknown,Unknown,Did not meet thresholds,NA
144759,Setaria,Setaria.parviflora,Native,Native,Otu44,2,Unknown,Unknown,Unknown,Unknown,Unknown,Did not meet thresholds,NA
144760,Setaria,Setaria.parviflora,Native,Native,Otu44,2,Unknown,Unknown,Unknown,Unknown,Unknown,Did not meet thresholds,NA
144766,Elionurus,Elionurus.tripsacoides,Native,Native,Otu53,384,Ascomycota,Pezizomycetes,Pezizales,Morchellaceae,Morchella,Tbas,0.986321687
144758,Setaria,Setaria.parviflora,Native,Native,Otu410,1,Unknown,Unknown,Unknown,Unknown,Unknown,Did not meet thresholds,NA
144759,Setaria,Setaria.parviflora,Native,Native,Otu410,2,Unknown,Unknown,Unknown,Unknown,Unknown,Did not meet thresholds,NA
144760,Setaria,Setaria.parviflora,Native,Native,Otu410,1,Unknown,Unknown,Unknown,Unknown,Unknown,Did not meet thresholds,NA
144758,Setaria,Setaria.parviflora,Native,Native,Otu365,3,Basidiomycota,Agaricomycetes,Boletales,Boletaceae,Boletus,Unite,NA
144759,Setaria,Setaria.parviflora,Native,Native,Otu426,1,Basidiomycota,Agaricomycetes,Boletales,Boletaceae,Boletus,Unite,NA
144760,Setaria,Setaria.parviflora,Native,Native,Otu426,3,Basidiomycota,Agaricomycetes,Boletales,Boletaceae,Boletus,Unite,NA
144759,Setaria,Setaria.parviflora,Native,Native,Otu956,1,Ascomycota,Dothideomycetes,Pleosporales,Pleosporaceae,Curvularia,Unite,NA
144774,Aristida,Aristida.purpurea var. longesta,Native,Native,Otu430,17,Ascomycota,Dothideomycetes,Pleosporales,Tetraplosphaeriaceae,Tetraploa,Unite,NA
144758,Setaria,Setaria.parviflora,Native,Native,Otu404,1,Unknown,Unknown,Unknown,Unknown,Unknown,Did not meet thresholds,NA
144759,Setaria,Setaria.parviflora,Native,Native,Otu404,2,Unknown,Unknown,Unknown,Unknown,Unknown,Did not meet thresholds,NA
144774,Aristida,Aristida.purpurea var. longesta,Native,Native,Otu189,8,Basidiomycota,Agaricomycetes,Agaricales,Agaricaceae,Agaricus,Tbas,1
144760,Setaria,Setaria.parviflora,Native,Native,Otu242,2,Basidiomycota,Ustilaginomycetes,Urocystidales,Floromycetaceae,Antherospora,Unite,NA
144759,Setaria,Setaria.parviflora,Native,Native,Otu867,1,Basidiomycota,Ustilaginomycetes,Ustilaginales,Ustilaginaceae,Sporisorium,Tbas,0.999617236
144775,Aristida,Aristida.purpurea var. longesta,Native,Native,Otu867,1,Basidiomycota,Ustilaginomycetes,Ustilaginales,Ustilaginaceae,Sporisorium,Tbas,0.999617236
144759,Setaria,Setaria.parviflora,Native,Native,Otu109,2,Ascomycota,Eurotiomycetes,Chaetothyriales,Herpotrichiellaceae,Cladophialophora,Unite,NA
144759,Setaria,Setaria.parviflora,Native,Native,Otu377,11,Ascomycota,Dothideomycetes,Pleosporales,Phaeosphaeriaceae,Phaeosphaeria,Unite,NA
144766,Elionurus,Elionurus.tripsacoides,Native,Native,Otu377,2,Ascomycota,Dothideomycetes,Pleosporales,Phaeosphaeriaceae,Phaeosphaeria,Unite,NA
144775,Aristida,Aristida.purpurea var. longesta,Native,Native,Otu377,3,Ascomycota,Dothideomycetes,Pleosporales,Phaeosphaeriaceae,Phaeosphaeria,Unite,NA
144766,Elionurus,Elionurus.tripsacoides,Native,Native,Otu788,1,Basidiomycota,Malasseziomycetes,Malasseziales,Malasseziaceae,Malassezia,Unite,NA
144759,Setaria,Setaria.parviflora,Native,Native,Otu168,2,Ascomycota,Sordariomycetes,Hypocreales,Sarocladiaceae,Sarocladium,Tbas,1
144759,Setaria,Setaria.parviflora,Native,Native,Otu198,1,Basidiomycota,Agaricomycetes,Boletales,Boletaceae,Boletus,Unite,NA
144759,Setaria,Setaria.parviflora,Native,Native,Otu824,2,Basidiomycota,Agaricomycetes,Boletales,Boletaceae,Boletus,Unite,NA
144759,Setaria,Setaria.parviflora,Native,Native,Otu206,2,Ascomycota,Dothideomycetes,Pleosporales,Periconiaceae,Periconia,Unite,NA
144759,Setaria,Setaria.parviflora,Native,Native,Otu340,2,Ascomycota,Dothideomycetes,Myriangiales,Elsinoaceae,Elsinoe,Tbas,1
144759,Setaria,Setaria.parviflora,Native,Native,Otu111,1,Ascomycota,Pezizomycetes,Pezizales,Pezizaceae,Pezizaceae_gen_Incertae_sedis,Unite,NA
144759,Setaria,Setaria.parviflora,Native,Native,Otu399,1,Ascomycota,Dothideomycetes,Cladosporiales,Cladosporiaceae,Cladosporium,Unite,NA
144760,Setaria,Setaria.parviflora,Native,Native,Otu399,1,Ascomycota,Dothideomycetes,Cladosporiales,Cladosporiaceae,Cladosporium,Unite,NA
144759,Setaria,Setaria.parviflora,Native,Native,Otu146,2,Ascomycota,Dothideomycetes,Pleosporales,Didymosphaeriaceae,Paraconiothyrium,Unite,NA
144769,Bothriochloa,Bothriochloa.ischaemum,Nonnative,Widespread.invasive,Otu146,1,Ascomycota,Dothideomycetes,Pleosporales,Didymosphaeriaceae,Paraconiothyrium,Unite,NA
144759,Setaria,Setaria.parviflora,Native,Native,Otu80,1,Basidiomycota,Agaricomycetes,Cantharellales,Ceratobasidiaceae,Ceratobasidium,Unite,NA
144774,Aristida,Aristida.purpurea var. longesta,Native,Native,Otu825,6,Ascomycota,Sordariomycetes,Hypocreales,Cordycipitaceae,Cordyceps,Unite,NA
144760,Setaria,Setaria.parviflora,Native,Native,Otu16,4,Basidiomycota,Agaricomycetes,Boletales,Boletaceae,Boletus,Unite,NA
144760,Setaria,Setaria.parviflora,Native,Native,Otu378,2,Unknown,Unknown,Unknown,Unknown,Unknown,Did not meet thresholds,NA
144760,Setaria,Setaria.parviflora,Native,Native,Otu873,1,Ascomycota,Saccharomycetes,Saccharomycetales,Saccharomycetaceae,Zygotorulaspora,Unite,NA
144770,Eragrostis,Eragrostis.lugens,Native,Native,Otu873,1,Ascomycota,Saccharomycetes,Saccharomycetales,Saccharomycetaceae,Zygotorulaspora,Unite,NA
144771,Eragrostis,Eragrostis.lugens,Native,Native,Otu873,2,Ascomycota,Saccharomycetes,Saccharomycetales,Saccharomycetaceae,Zygotorulaspora,Unite,NA
144772,Eragrostis,Eragrostis.lugens,Native,Native,Otu873,2,Ascomycota,Saccharomycetes,Saccharomycetales,Saccharomycetaceae,Zygotorulaspora,Unite,NA
144761,Heteropogon,Heteropogon.contortus,Nonnative,Established,Otu803,1,Basidiomycota,Agaricomycetes,Agaricales,Agaricaceae,Agaricus,Tbas,1
144774,Aristida,Aristida.purpurea var. longesta,Native,Native,Otu837,2,Ascomycota,Sordariomycetes,Hypocreales,Clavicipitaceae,Claviceps,Unite,NA
144761,Heteropogon,Heteropogon.contortus,Nonnative,Established,Otu925,1,Microsporidia,Microsporidia incertae sedis,.,.,Antonospora,Tbas,1
144763,Heteropogon,Heteropogon.contortus,Nonnative,Established,Otu925,1,Microsporidia,Microsporidia incertae sedis,.,.,Antonospora,Tbas,1
144761,Heteropogon,Heteropogon.contortus,Nonnative,Established,Otu429,1,Ascomycota,Pezizomycetes,Pezizales,Morchellaceae,Morchella,Tbas,0.999983837
144763,Heteropogon,Heteropogon.contortus,Nonnative,Established,Otu429,1,Ascomycota,Pezizomycetes,Pezizales,Morchellaceae,Morchella,Tbas,0.999983837
144761,Heteropogon,Heteropogon.contortus,Nonnative,Established,Otu224,1,Ascomycota,Dothideomycetes,Pleosporales,Phaeosphaeriaceae,Phaeoseptoriella,Tbas,0.999999991
144768,Bothriochloa,Bothriochloa.ischaemum,Nonnative,Widespread.invasive,Otu224,2,Ascomycota,Dothideomycetes,Pleosporales,Phaeosphaeriaceae,Phaeoseptoriella,Tbas,0.999999991
144761,Heteropogon,Heteropogon.contortus,Nonnative,Established,Otu795,1,Ascomycota,Saccharomycetes,Saccharomycetales,Debaryomycetaceae,Meyerozyma,Unite,NA
144762,Heteropogon,Heteropogon.contortus,Nonnative,Established,Otu395,1,Basidiomycota,Agaricomycetes,Polyporales,Hyphodermataceae,Hyphoderma,Unite,NA
144770,Eragrostis,Eragrostis.lugens,Native,Native,Otu129,1,Basidiomycota,Agaricomycetes,Polyporales,Polyporales_fam_Incertae_sedis,Polyporales_gen_Incertae_sedis,Unite,NA
144763,Heteropogon,Heteropogon.contortus,Nonnative,Established,Otu366,1,Unknown,Unknown,Unknown,Unknown,Unknown,Tbas.Unite,NA
144764,Elionurus,Elionurus.tripsacoides,Native,Native,Otu17,3,Basidiomycota,Agaricomycetes,Cantharellales,Cantharellaceae,Cantharellus,Tbas,0.977156657
144765,Elionurus,Elionurus.tripsacoides,Native,Native,Otu17,2,Basidiomycota,Agaricomycetes,Cantharellales,Cantharellaceae,Cantharellus,Tbas,0.977156657
144766,Elionurus,Elionurus.tripsacoides,Native,Native,Otu17,4,Basidiomycota,Agaricomycetes,Cantharellales,Cantharellaceae,Cantharellus,Tbas,0.977156657
144764,Elionurus,Elionurus.tripsacoides,Native,Native,Otu67,2,Basidiomycota,Agaricomycetes,Cantharellales,Cantharellaceae,Cantharellus,Tbas,0.956537726
144765,Elionurus,Elionurus.tripsacoides,Native,Native,Otu67,1,Basidiomycota,Agaricomycetes,Cantharellales,Cantharellaceae,Cantharellus,Tbas,0.956537726
144764,Elionurus,Elionurus.tripsacoides,Native,Native,Otu216,2,Basidiomycota,Agaricomycetes,Cantharellales,Cantharellaceae,Cantharellus,Tbas,0.982530237
144764,Elionurus,Elionurus.tripsacoides,Native,Native,Otu436,2,Basidiomycota,Exobasidiomycetes,Ceraceosorales,Ceraceosoraceae,Ceraceosorus,Unite,NA
144764,Elionurus,Elionurus.tripsacoides,Native,Native,Otu34,2,Ascomycota,Dothideomycetes,Myriangiales,Elsinoaceae,Elsinoe,Tbas,1
144766,Elionurus,Elionurus.tripsacoides,Native,Native,Otu34,7,Ascomycota,Dothideomycetes,Myriangiales,Elsinoaceae,Elsinoe,Tbas,1
144774,Aristida,Aristida.purpurea var. longesta,Native,Native,Otu34,2,Ascomycota,Dothideomycetes,Myriangiales,Elsinoaceae,Elsinoe,Tbas,1
144764,Elionurus,Elionurus.tripsacoides,Native,Native,Otu369,1,Ascomycota,Dothideomycetes,Pleosporales,Didymosphaeriaceae,Tremateia,Unite,NA
144764,Elionurus,Elionurus.tripsacoides,Native,Native,Otu396,1,Ascomycota,Dothideomycetes,Pleosporales,Didymosphaeriaceae,Tremateia,Unite,NA
144764,Elionurus,Elionurus.tripsacoides,Native,Native,Otu372,2,Basidiomycota,Agaricomycetes,Cantharellales,Cantharellaceae,Cantharellus,Tbas,0.976667011
144766,Elionurus,Elionurus.tripsacoides,Native,Native,Otu372,5,Basidiomycota,Agaricomycetes,Cantharellales,Cantharellaceae,Cantharellus,Tbas,0.976667011
144764,Elionurus,Elionurus.tripsacoides,Native,Native,Otu295,5,Ascomycota,Pezizomycetes,Pezizales,Morchellaceae,Morchella,Tbas,0.999332029
144765,Elionurus,Elionurus.tripsacoides,Native,Native,Otu295,2,Ascomycota,Pezizomycetes,Pezizales,Morchellaceae,Morchella,Tbas,0.999332029
144764,Elionurus,Elionurus.tripsacoides,Native,Native,Otu234,4,Unknown,Unknown,Unknown,Unknown,Unknown,Did not meet thresholds,NA
144765,Elionurus,Elionurus.tripsacoides,Native,Native,Otu234,1,Unknown,Unknown,Unknown,Unknown,Unknown,Did not meet thresholds,NA
144764,Elionurus,Elionurus.tripsacoides,Native,Native,Otu421,3,Basidiomycota,Agaricomycetes,Agaricales,Agaricaceae,Agaricus,Tbas,1
144765,Elionurus,Elionurus.tripsacoides,Native,Native,Otu421,2,Basidiomycota,Agaricomycetes,Agaricales,Agaricaceae,Agaricus,Tbas,1
144766,Elionurus,Elionurus.tripsacoides,Native,Native,Otu421,15,Basidiomycota,Agaricomycetes,Agaricales,Agaricaceae,Agaricus,Tbas,1
144773,Aristida,Aristida.purpurea var. longesta,Native,Native,Otu421,2,Basidiomycota,Agaricomycetes,Agaricales,Agaricaceae,Agaricus,Tbas,1
144774,Aristida,Aristida.purpurea var. longesta,Native,Native,Otu421,11,Basidiomycota,Agaricomycetes,Agaricales,Agaricaceae,Agaricus,Tbas,1
144775,Aristida,Aristida.purpurea var. longesta,Native,Native,Otu421,4,Basidiomycota,Agaricomycetes,Agaricales,Agaricaceae,Agaricus,Tbas,1
144764,Elionurus,Elionurus.tripsacoides,Native,Native,Otu75,3,Basidiomycota,Agaricomycetes,Cantharellales,Cantharellaceae,Cantharellus,Tbas,0.980085039
144764,Elionurus,Elionurus.tripsacoides,Native,Native,Otu183,4,Basidiomycota,Agaricomycetes,Boletales,Boletaceae,Boletus,Unite,NA
144766,Elionurus,Elionurus.tripsacoides,Native,Native,Otu262,1,Unknown,Unknown,Unknown,Unknown,Unknown,Did not meet thresholds,NA
144765,Elionurus,Elionurus.tripsacoides,Native,Native,Otu872,1,Unknown,Unknown,Unknown,Unknown,Unknown,Did not meet thresholds,NA
144764,Elionurus,Elionurus.tripsacoides,Native,Native,Otu194,1,Basidiomycota,Agaricomycetes,Cantharellales,Cantharellaceae,Cantharellus,Tbas,0.973108912
144765,Elionurus,Elionurus.tripsacoides,Native,Native,Otu194,2,Basidiomycota,Agaricomycetes,Cantharellales,Cantharellaceae,Cantharellus,Tbas,0.973108912
144764,Elionurus,Elionurus.tripsacoides,Native,Native,Otu170,1,Unknown,Unknown,Unknown,Unknown,Unknown,Did not meet thresholds,NA
144764,Elionurus,Elionurus.tripsacoides,Native,Native,Otu51,2,Basidiomycota,Agaricomycetes,Boletales,Boletaceae,Boletus,Unite,NA
144775,Aristida,Aristida.purpurea var. longesta,Native,Native,Otu269,3,Ascomycota,Eurotiomycetes,Chaetothyriales,Cyphellophoraceae,Cyphellophora,Unite,NA
144764,Elionurus,Elionurus.tripsacoides,Native,Native,Otu123,2,Basidiomycota,Agaricomycetes,Cantharellales,Cantharellaceae,Cantharellus,Tbas,0.970125003
144765,Elionurus,Elionurus.tripsacoides,Native,Native,Otu123,9,Basidiomycota,Agaricomycetes,Cantharellales,Cantharellaceae,Cantharellus,Tbas,0.970125003
144764,Elionurus,Elionurus.tripsacoides,Native,Native,Otu220,2,Basidiomycota,Agaricomycetes,Boletales,Boletaceae,Boletus,Unite,NA
144765,Elionurus,Elionurus.tripsacoides,Native,Native,Otu220,1,Basidiomycota,Agaricomycetes,Boletales,Boletaceae,Boletus,Unite,NA
144766,Elionurus,Elionurus.tripsacoides,Native,Native,Otu220,2,Basidiomycota,Agaricomycetes,Boletales,Boletaceae,Boletus,Unite,NA
144764,Elionurus,Elionurus.tripsacoides,Native,Native,Otu71,2,Unknown,Unknown,Unknown,Unknown,Unknown,Did not meet thresholds,NA
144765,Elionurus,Elionurus.tripsacoides,Native,Native,Otu71,1,Unknown,Unknown,Unknown,Unknown,Unknown,Did not meet thresholds,NA
144764,Elionurus,Elionurus.tripsacoides,Native,Native,Otu101,1,Ascomycota,Dothideomycetes,Muyocopronales,Muyocopronaceae,Muyocopron,Unite,NA
144778,Eragrostis,Eragrostis.secundiflora,Native,Native,Otu101,1,Ascomycota,Dothideomycetes,Muyocopronales,Muyocopronaceae,Muyocopron,Unite,NA
144765,Elionurus,Elionurus.tripsacoides,Native,Native,Otu117,1,Basidiomycota,Ustilaginomycetes,Urocystidales,Floromycetaceae,Antherospora,Unite,NA
144764,Elionurus,Elionurus.tripsacoides,Native,Native,Otu195,2,Basidiomycota,Exobasidiomycetes,Ceraceosorales,Ceraceosoraceae,Ceraceosorus,Unite,NA
144765,Elionurus,Elionurus.tripsacoides,Native,Native,Otu233,1,Unknown,Unknown,Unknown,Unknown,Unknown,Did not meet thresholds,NA
144766,Elionurus,Elionurus.tripsacoides,Native,Native,Otu233,1,Unknown,Unknown,Unknown,Unknown,Unknown,Did not meet thresholds,NA
144765,Elionurus,Elionurus.tripsacoides,Native,Native,Otu50,2,Choanozoa,Choanoflagellata,Craspedida,Salpingoecidae,Monosiga,Tbas,0.999751378
144766,Elionurus,Elionurus.tripsacoides,Native,Native,Otu50,1,Choanozoa,Choanoflagellata,Craspedida,Salpingoecidae,Monosiga,Tbas,0.999751378
144765,Elionurus,Elionurus.tripsacoides,Native,Native,Otu121,4,Basidiomycota,Agaricomycetes,Cantharellales,Cantharellaceae,Cantharellus,Tbas,0.977933983
144764,Elionurus,Elionurus.tripsacoides,Native,Native,Otu205,1,Basidiomycota,Agaricomycetes,Cantharellales,Cantharellaceae,Cantharellus,Tbas,0.979911452
144765,Elionurus,Elionurus.tripsacoides,Native,Native,Otu27,4,Basidiomycota,Ustilaginomycetes,Urocystidales,Floromycetaceae,Antherospora,Unite,NA
144766,Elionurus,Elionurus.tripsacoides,Native,Native,Otu27,2,Basidiomycota,Ustilaginomycetes,Urocystidales,Floromycetaceae,Antherospora,Unite,NA
144764,Elionurus,Elionurus.tripsacoides,Native,Native,Otu352,1,Unknown,Unknown,Unknown,Unknown,Unknown,Did not meet thresholds,NA
144765,Elionurus,Elionurus.tripsacoides,Native,Native,Otu764,5,Basidiomycota,Agaricomycetes,Cantharellales,Cantharellaceae,Cantharellus,Tbas,0.95048229
144765,Elionurus,Elionurus.tripsacoides,Native,Native,Otu197,5,Unknown,Unknown,Unknown,Unknown,Unknown,Did not meet thresholds,NA
144766,Elionurus,Elionurus.tripsacoides,Native,Native,Otu197,1,Unknown,Unknown,Unknown,Unknown,Unknown,Did not meet thresholds,NA
144765,Elionurus,Elionurus.tripsacoides,Native,Native,Otu18,2,Basidiomycota,Agaricomycetes,Cantharellales,Cantharellaceae,Cantharellus,Tbas,0.962050431
144766,Elionurus,Elionurus.tripsacoides,Native,Native,Otu18,2,Basidiomycota,Agaricomycetes,Cantharellales,Cantharellaceae,Cantharellus,Tbas,0.962050431
144765,Elionurus,Elionurus.tripsacoides,Native,Native,Otu422,2,Zoopagomycota,Zoopagomycetes,Zoopagales,Helicocephalidaceae,Rhopalomyces,Tbas,0.955282604
144766,Elionurus,Elionurus.tripsacoides,Native,Native,Otu422,5,Zoopagomycota,Zoopagomycetes,Zoopagales,Helicocephalidaceae,Rhopalomyces,Tbas,0.955282604
144765,Elionurus,Elionurus.tripsacoides,Native,Native,Otu797,1,Unknown,Unknown,Unknown,Unknown,Unknown,Did not meet thresholds,NA
144765,Elionurus,Elionurus.tripsacoides,Native,Native,Otu739,1,Ascomycota,Eurotiomycetes,Chaetothyriales,Herpotrichiellaceae,Cladophialophora,Unite,NA
144765,Elionurus,Elionurus.tripsacoides,Native,Native,Otu178,1,Basidiomycota,Ustilaginomycetes,Urocystidales,Floromycetaceae,Antherospora,Unite,NA
144766,Elionurus,Elionurus.tripsacoides,Native,Native,Otu178,1,Basidiomycota,Ustilaginomycetes,Urocystidales,Floromycetaceae,Antherospora,Unite,NA
144765,Elionurus,Elionurus.tripsacoides,Native,Native,Otu159,3,Basidiomycota,Agaricomycetes,Boletales,Boletaceae,Boletus,Unite,NA
144766,Elionurus,Elionurus.tripsacoides,Native,Native,Otu159,5,Basidiomycota,Agaricomycetes,Boletales,Boletaceae,Boletus,Unite,NA
144765,Elionurus,Elionurus.tripsacoides,Native,Native,Otu244,1,Ascomycota,Sordariomycetes,Hypocreales,Stachybotryaceae,Albifimbria,Unite,NA
144765,Elionurus,Elionurus.tripsacoides,Native,Native,Otu908,1,Basidiomycota,Agaricomycetes,Hymenochaetales,Hymenochaetaceae,Tubulicrinis,Unite,NA
144766,Elionurus,Elionurus.tripsacoides,Native,Native,Otu448,1,Ascomycota,Sordariomycetes,Hypocreales,Stachybotryaceae,Achroiostachys,Tbas,0.999999998
144766,Elionurus,Elionurus.tripsacoides,Native,Native,Otu537,9,Basidiomycota,Agaricomycetes,Agaricales,Agaricaceae,Agaricus,Tbas,0.999631429
144773,Aristida,Aristida.purpurea var. longesta,Native,Native,Otu537,2,Basidiomycota,Agaricomycetes,Agaricales,Agaricaceae,Agaricus,Tbas,0.999631429
144774,Aristida,Aristida.purpurea var. longesta,Native,Native,Otu537,1,Basidiomycota,Agaricomycetes,Agaricales,Agaricaceae,Agaricus,Tbas,0.999631429
144766,Elionurus,Elionurus.tripsacoides,Native,Native,Otu337,1,Ascomycota,Ascomycota_cls_Incertae_sedis,Ascomycota_ord_Incertae_sedis,Ascomycota_fam_Incertae_sedis,Ascomycota_gen_Incertae_sedis,Unite,NA
144766,Elionurus,Elionurus.tripsacoides,Native,Native,Otu731,4,Basidiomycota,Ustilaginomycetes,Urocystidales,Floromycetaceae,Antherospora,Unite,NA
144766,Elionurus,Elionurus.tripsacoides,Native,Native,Otu453,1,Unknown,Unknown,Unknown,Unknown,Unknown,Did not meet thresholds,NA
144766,Elionurus,Elionurus.tripsacoides,Native,Native,Otu181,5,Unknown,Unknown,Unknown,Unknown,Unknown,Did not meet thresholds,NA
144766,Elionurus,Elionurus.tripsacoides,Native,Native,Otu855,2,Basidiomycota,Agaricomycetes,Boletales,Boletaceae,Boletus,Unite,NA
144766,Elionurus,Elionurus.tripsacoides,Native,Native,Otu868,2,Basidiomycota,Agaricomycetes,Cantharellales,Cantharellaceae,Cantharellus,Tbas,0.985269011
144766,Elionurus,Elionurus.tripsacoides,Native,Native,Otu87,5,Ascomycota,Pezizomycetes,Pezizales,Morchellaceae,Morchella,Tbas,0.986323103
144766,Elionurus,Elionurus.tripsacoides,Native,Native,Otu440,2,Ascomycota,Saccharomycetes,Saccharomycetales,Saccharomycetaceae,Zygotorulaspora,Unite,NA
144766,Elionurus,Elionurus.tripsacoides,Native,Native,Otu202,4,Ascomycota,Pezizomycetes,Pezizales,Morchellaceae,Morchella,Tbas,0.977576128
144766,Elionurus,Elionurus.tripsacoides,Native,Native,Otu131,2,Unknown,Unknown,Unknown,Unknown,Unknown,Did not meet thresholds,NA
144766,Elionurus,Elionurus.tripsacoides,Native,Native,Otu326,2,Unknown,Unknown,Unknown,Unknown,Unknown,Did not meet thresholds,NA
144766,Elionurus,Elionurus.tripsacoides,Native,Native,Otu82,2,Unknown,Unknown,Unknown,Unknown,Unknown,Did not meet thresholds,NA
144766,Elionurus,Elionurus.tripsacoides,Native,Native,Otu345,2,Ascomycota,Pezizomycetes,Pezizales,Ascobolaceae,Ascobolus,Unite,NA
144766,Elionurus,Elionurus.tripsacoides,Native,Native,Otu562,2,Ascomycota,Sordariomycetes,Glomerellales,Glomerellaceae,Colletotrichum,Unite,NA
144766,Elionurus,Elionurus.tripsacoides,Native,Native,Otu112,3,Basidiomycota,Tremellomycetes,Tremellales,Bulleribasidiaceae,Vishniacozyma,Unite,NA
144766,Elionurus,Elionurus.tripsacoides,Native,Native,Otu334,1,Ascomycota,Dothideomycetes,Venturiales,Sympoventuriaceae,Sympoventuriaceae_gen_Incertae_sedis,Unite,NA
144766,Elionurus,Elionurus.tripsacoides,Native,Native,Otu90,10,Basidiomycota,Agaricomycetes,Sebacinales,Serendipitaceae,Serendipitaceae_gen_Incertae_sedis,Unite,NA
144766,Elionurus,Elionurus.tripsacoides,Native,Native,Otu800,2,Unknown,Unknown,Unknown,Unknown,Unknown,Did not meet thresholds,NA
144766,Elionurus,Elionurus.tripsacoides,Native,Native,Otu156,2,Unknown,Unknown,Unknown,Unknown,Unknown,Did not meet thresholds,NA
144766,Elionurus,Elionurus.tripsacoides,Native,Native,Otu398,3,Basidiomycota,Agaricomycetes,Agaricales,Psathyrellaceae,Parasola,Tbas,1
144766,Elionurus,Elionurus.tripsacoides,Native,Native,Otu207,3,Basidiomycota,Pucciniomycetes,Pucciniales,Pucciniaceae,Puccinia,Tbas,0.999416201
144766,Elionurus,Elionurus.tripsacoides,Native,Native,Otu854,2,Basidiomycota,Agaricomycetes,Agaricales,Agaricaceae,Agaricus,Tbas,1
144775,Aristida,Aristida.purpurea var. longesta,Native,Native,Otu781,1,Ascomycota,Sordariomycetes,Glomerellales,Glomerellaceae,Colletotrichum,Unite,NA
144768,Bothriochloa,Bothriochloa.ischaemum,Nonnative,Widespread.invasive,Otu6,74,Basidiomycota,Agaricomycetes,Boletales,Boletaceae,Boletus,Unite,NA
144769,Bothriochloa,Bothriochloa.ischaemum,Nonnative,Widespread.invasive,Otu776,1,Ascomycota,Eurotiomycetes,Eurotiales,Aspergillaceae,Aspergillus,Unite,NA
144770,Eragrostis,Eragrostis.lugens,Native,Native,Otu442,2,Unknown,Unknown,Unknown,Unknown,Unknown,Did not meet thresholds,NA
144772,Eragrostis,Eragrostis.lugens,Native,Native,Otu442,4,Unknown,Unknown,Unknown,Unknown,Unknown,Did not meet thresholds,NA
144770,Eragrostis,Eragrostis.lugens,Native,Native,Otu275,1,Basidiomycota,Agaricomycetes,Trechisporales,Hydnodontaceae,Sistotremastrum,Unite,NA
144771,Eragrostis,Eragrostis.lugens,Native,Native,Otu767,2,Ascomycota,Pezizomycetes,Pezizales,Morchellaceae,Morchella,Tbas,0.999981499
144771,Eragrostis,Eragrostis.lugens,Native,Native,Otu447,2,Ascomycota,Eurotiomycetes,Eurotiomycetes incertae sedis,.,Paracladophialophora,Tbas,0.999659317
144771,Eragrostis,Eragrostis.lugens,Native,Native,Otu296,2,Basidiomycota,Agaricomycetes,Boletales,Boletaceae,Boletus,Unite,NA
144774,Aristida,Aristida.purpurea var. longesta,Native,Native,Otu223,5,Basidiomycota,Agaricomycetes,Boletales,Boletaceae,Boletus,Unite,NA
144775,Aristida,Aristida.purpurea var. longesta,Native,Native,Otu223,1,Basidiomycota,Agaricomycetes,Boletales,Boletaceae,Boletus,Unite,NA
144772,Eragrostis,Eragrostis.lugens,Native,Native,Otu446,1,Chytridiomycota,Chytridiomycetes,Lobulomycetales,Lobulomycetaceae,Lobulomyces,Tbas,0.999781914
144773,Aristida,Aristida.purpurea var. longesta,Native,Native,Otu154,23,Ascomycota,Dothideomycetes,Pleosporales,Pleosporales_fam_Incertae_sedis,Pleosporales_gen_Incertae_sedis,Unite,NA
144773,Aristida,Aristida.purpurea var. longesta,Native,Native,Otu796,2,Basidiomycota,Agaricomycetes,Agaricales,Psathyrellaceae,Parasola,Tbas,1
144773,Aristida,Aristida.purpurea var. longesta,Native,Native,Otu567,1,Ascomycota,Saccharomycetes,Saccharomycetales,Saccharomycetaceae,Zygotorulaspora,Unite,NA
144774,Aristida,Aristida.purpurea var. longesta,Native,Native,Otu567,12,Ascomycota,Saccharomycetes,Saccharomycetales,Saccharomycetaceae,Zygotorulaspora,Unite,NA
144775,Aristida,Aristida.purpurea var. longesta,Native,Native,Otu567,5,Ascomycota,Saccharomycetes,Saccharomycetales,Saccharomycetaceae,Zygotorulaspora,Unite,NA
144773,Aristida,Aristida.purpurea var. longesta,Native,Native,Otu474,11,Unknown,Unknown,Unknown,Unknown,Unknown,Tbas.Unite,NA
144774,Aristida,Aristida.purpurea var. longesta,Native,Native,Otu474,10,Unknown,Unknown,Unknown,Unknown,Unknown,Tbas.Unite,NA
144774,Aristida,Aristida.purpurea var. longesta,Native,Native,Otu176,2,Basidiomycota,Agaricomycetes,Agaricales,Agaricaceae,Agaricus,Tbas,1
144773,Aristida,Aristida.purpurea var. longesta,Native,Native,Otu424,2,Basidiomycota,Agaricomycetes,Boletales,Boletaceae,Boletus,Unite,NA
144774,Aristida,Aristida.purpurea var. longesta,Native,Native,Otu424,10,Basidiomycota,Agaricomycetes,Boletales,Boletaceae,Boletus,Unite,NA
144775,Aristida,Aristida.purpurea var. longesta,Native,Native,Otu424,22,Basidiomycota,Agaricomycetes,Boletales,Boletaceae,Boletus,Unite,NA
144774,Aristida,Aristida.purpurea var. longesta,Native,Native,Otu105,12,Ascomycota,Saccharomycetes,Saccharomycetales,Saccharomycetaceae,Zygotorulaspora,Unite,NA
144775,Aristida,Aristida.purpurea var. longesta,Native,Native,Otu105,9,Ascomycota,Saccharomycetes,Saccharomycetales,Saccharomycetaceae,Zygotorulaspora,Unite,NA
144773,Aristida,Aristida.purpurea var. longesta,Native,Native,Otu878,2,Ascomycota,Sordariomycetes,Amphisphaeriales,Pseudomassariaceae,Pseudomassaria,Unite,NA
144774,Aristida,Aristida.purpurea var. longesta,Native,Native,Otu878,2,Ascomycota,Sordariomycetes,Amphisphaeriales,Pseudomassariaceae,Pseudomassaria,Unite,NA
144773,Aristida,Aristida.purpurea var. longesta,Native,Native,Otu106,3,Basidiomycota,Agaricomycetes,Sebacinales,Serendipitaceae,Serendipitaceae_gen_Incertae_sedis,Unite,NA
144774,Aristida,Aristida.purpurea var. longesta,Native,Native,Otu106,11,Basidiomycota,Agaricomycetes,Sebacinales,Serendipitaceae,Serendipitaceae_gen_Incertae_sedis,Unite,NA
144775,Aristida,Aristida.purpurea var. longesta,Native,Native,Otu106,10,Basidiomycota,Agaricomycetes,Sebacinales,Serendipitaceae,Serendipitaceae_gen_Incertae_sedis,Unite,NA
144774,Aristida,Aristida.purpurea var. longesta,Native,Native,Otu313,27,Basidiomycota,Agaricomycetes,Sebacinales,Serendipitaceae,Serendipitaceae_gen_Incertae_sedis,Unite,NA
144775,Aristida,Aristida.purpurea var. longesta,Native,Native,Otu313,1,Basidiomycota,Agaricomycetes,Sebacinales,Serendipitaceae,Serendipitaceae_gen_Incertae_sedis,Unite,NA
144773,Aristida,Aristida.purpurea var. longesta,Native,Native,Otu546,3,Unknown,Unknown,Unknown,Unknown,Unknown,Did not meet thresholds,NA
144774,Aristida,Aristida.purpurea var. longesta,Native,Native,Otu546,9,Unknown,Unknown,Unknown,Unknown,Unknown,Did not meet thresholds,NA
144775,Aristida,Aristida.purpurea var. longesta,Native,Native,Otu546,24,Unknown,Unknown,Unknown,Unknown,Unknown,Did not meet thresholds,NA
144773,Aristida,Aristida.purpurea var. longesta,Native,Native,Otu703,1,Ascomycota,Pezizomycetes,Pezizales,Morchellaceae,Morchella,Tbas,0.999962887
144774,Aristida,Aristida.purpurea var. longesta,Native,Native,Otu703,15,Ascomycota,Pezizomycetes,Pezizales,Morchellaceae,Morchella,Tbas,0.999962887
144775,Aristida,Aristida.purpurea var. longesta,Native,Native,Otu703,10,Ascomycota,Pezizomycetes,Pezizales,Morchellaceae,Morchella,Tbas,0.999962887
144773,Aristida,Aristida.purpurea var. longesta,Native,Native,Otu98,1,Basidiomycota,Ustilaginomycetes,Urocystidales,Floromycetaceae,Antherospora,Unite,NA
144774,Aristida,Aristida.purpurea var. longesta,Native,Native,Otu98,17,Basidiomycota,Ustilaginomycetes,Urocystidales,Floromycetaceae,Antherospora,Unite,NA
144775,Aristida,Aristida.purpurea var. longesta,Native,Native,Otu98,16,Basidiomycota,Ustilaginomycetes,Urocystidales,Floromycetaceae,Antherospora,Unite,NA
144773,Aristida,Aristida.purpurea var. longesta,Native,Native,Otu710,2,Ascomycota,Dothideomycetes,Pleosporales,Pleosporaceae,Exserohilum,Unite,NA
144774,Aristida,Aristida.purpurea var. longesta,Native,Native,Otu710,1,Ascomycota,Dothideomycetes,Pleosporales,Pleosporaceae,Exserohilum,Unite,NA
144773,Aristida,Aristida.purpurea var. longesta,Native,Native,Otu663,3,Ascomycota,Dothideomycetes,Pleosporales,Phaeosphaeriaceae,Parastagonospora,Unite,NA
144774,Aristida,Aristida.purpurea var. longesta,Native,Native,Otu663,4,Ascomycota,Dothideomycetes,Pleosporales,Phaeosphaeriaceae,Parastagonospora,Unite,NA
144773,Aristida,Aristida.purpurea var. longesta,Native,Native,Otu200,1,Basidiomycota,Ustilaginomycetes,Urocystidales,Floromycetaceae,Antherospora,Unite,NA
144774,Aristida,Aristida.purpurea var. longesta,Native,Native,Otu200,2,Basidiomycota,Ustilaginomycetes,Urocystidales,Floromycetaceae,Antherospora,Unite,NA
144775,Aristida,Aristida.purpurea var. longesta,Native,Native,Otu200,1,Basidiomycota,Ustilaginomycetes,Urocystidales,Floromycetaceae,Antherospora,Unite,NA
144773,Aristida,Aristida.purpurea var. longesta,Native,Native,Otu413,1,Choanozoa,Choanoflagellata,Craspedida,Salpingoecidae,Monosiga,Tbas,0.995395713
144774,Aristida,Aristida.purpurea var. longesta,Native,Native,Otu413,17,Choanozoa,Choanoflagellata,Craspedida,Salpingoecidae,Monosiga,Tbas,0.995395713
144775,Aristida,Aristida.purpurea var. longesta,Native,Native,Otu413,22,Choanozoa,Choanoflagellata,Craspedida,Salpingoecidae,Monosiga,Tbas,0.995395713
144773,Aristida,Aristida.purpurea var. longesta,Native,Native,Otu619,1,Basidiomycota,Agaricomycetes,Boletales,Boletaceae,Boletus,Unite,NA
144774,Aristida,Aristida.purpurea var. longesta,Native,Native,Otu619,14,Basidiomycota,Agaricomycetes,Boletales,Boletaceae,Boletus,Unite,NA
144775,Aristida,Aristida.purpurea var. longesta,Native,Native,Otu619,18,Basidiomycota,Agaricomycetes,Boletales,Boletaceae,Boletus,Unite,NA
144773,Aristida,Aristida.purpurea var. longesta,Native,Native,Otu779,1,Basidiomycota,Agaricomycetes,Agaricales,Psathyrellaceae,Parasola,Tbas,1
144774,Aristida,Aristida.purpurea var. longesta,Native,Native,Otu779,3,Basidiomycota,Agaricomycetes,Agaricales,Psathyrellaceae,Parasola,Tbas,1
144774,Aristida,Aristida.purpurea var. longesta,Native,Native,Otu419,9,Choanozoa,Choanoflagellata,Craspedida,Salpingoecidae,Monosiga,Tbas,0.999830176
144775,Aristida,Aristida.purpurea var. longesta,Native,Native,Otu419,8,Choanozoa,Choanoflagellata,Craspedida,Salpingoecidae,Monosiga,Tbas,0.999830176
144774,Aristida,Aristida.purpurea var. longesta,Native,Native,Otu252,5,Unknown,Unknown,Unknown,Unknown,Unknown,Tbas.Unite,NA
144774,Aristida,Aristida.purpurea var. longesta,Native,Native,Otu427,15,Ascomycota,Dothideomycetes,Pleosporales,Phaeosphaeriaceae,Wojnowiciella,Tbas,0.974557026
144776,Eragrostis,Eragrostis.secundiflora,Native,Native,Otu427,1,Ascomycota,Dothideomycetes,Pleosporales,Phaeosphaeriaceae,Wojnowiciella,Tbas,0.974557026
144774,Aristida,Aristida.purpurea var. longesta,Native,Native,Otu128,9,Chytridiomycota,Rhizophlyctidomycetes,Rhizophlyctidales,Rhizophlyctidales_fam_Incertae_sedis,Rhizophlyctidales_gen_Incertae_sedis,Unite,NA
144774,Aristida,Aristida.purpurea var. longesta,Native,Native,Otu367,3,Unknown,Unknown,Unknown,Unknown,Unknown,Did not meet thresholds,NA
144774,Aristida,Aristida.purpurea var. longesta,Native,Native,Otu330,3,Rozellomycota,Rozellomycota_cls_Incertae_sedis,Rozellomycota_ord_Incertae_sedis,Rozellomycota_fam_Incertae_sedis,Rozellomycota_gen_Incertae_sedis,Unite,NA
144774,Aristida,Aristida.purpurea var. longesta,Native,Native,Otu713,1,Unknown,Unknown,Unknown,Unknown,Unknown,Did not meet thresholds,NA
144775,Aristida,Aristida.purpurea var. longesta,Native,Native,Otu713,3,Unknown,Unknown,Unknown,Unknown,Unknown,Did not meet thresholds,NA
144774,Aristida,Aristida.purpurea var. longesta,Native,Native,Otu722,8,Basidiomycota,Agaricomycetes,Agaricales,Pterulaceae,Coronicium,Unite,NA
144775,Aristida,Aristida.purpurea var. longesta,Native,Native,Otu711,3,Basidiomycota,Agaricomycetes,Sebacinales,Serendipitaceae,Serendipitaceae_gen_Incertae_sedis,Unite,NA
144776,Eragrostis,Eragrostis.secundiflora,Native,Native,Otu819,1,Ascomycota,Eurotiomycetes,Eurotiales,Trichocomaceae,Talaromyces,Unite,NA
144776,Eragrostis,Eragrostis.secundiflora,Native,Native,Otu193,2,Basidiomycota,Exobasidiomycetes,Microstromatales,Microstromatales_fam_Incertae_sedis,Jaminaea,Unite,NA
144776,Eragrostis,Eragrostis.secundiflora,Native,Native,Otu177,1,Basidiomycota,Tremellomycetes,Tremellales,Bulleribasidiaceae,Vishniacozyma,Unite,NA
144779,Eragrostis,Eragrostis.secundiflora,Native,Native,Otu342,25,Basidiomycota,Agaricomycetes,Corticiales,Corticiaceae,Laetisaria,Tbas,1
144777,Eragrostis,Eragrostis.secundiflora,Native,Native,Otu84,25,Ascomycota,Dothideomycetes,Pleosporales,Pleosporaceae,Pleosporaceae_gen_Incertae_sedis,Unite,NA
144778,Eragrostis,Eragrostis.secundiflora,Native,Native,Otu84,7,Ascomycota,Dothideomycetes,Pleosporales,Pleosporaceae,Pleosporaceae_gen_Incertae_sedis,Unite,NA
144777,Eragrostis,Eragrostis.secundiflora,Native,Native,Otu52,26,Ascomycota,Dothideomycetes,Pleosporales,Pleosporaceae,Exserohilum,Unite,NA
144777,Eragrostis,Eragrostis.secundiflora,Native,Native,Otu180,1,Choanozoa,Choanoflagellata,Craspedida,Salpingoecidae,Monosiga,Tbas,0.996480106
144778,Eragrostis,Eragrostis.secundiflora,Native,Native,Otu72,1,Ascomycota,Pezizomycetes,Pezizales,Morchellaceae,Morchella,Tbas,0.999980142
144779,Eragrostis,Eragrostis.secundiflora,Native,Native,Otu72,1,Ascomycota,Pezizomycetes,Pezizales,Morchellaceae,Morchella,Tbas,0.999980142
144781,Eragrostis,Eragrostis.secundiflora,Native,Native,Otu72,1,Ascomycota,Pezizomycetes,Pezizales,Morchellaceae,Morchella,Tbas,0.999980142
144778,Eragrostis,Eragrostis.secundiflora,Native,Native,Otu60,1,Basidiomycota,Agaricomycetes,Agaricales,Psathyrellaceae,Parasola,Tbas,1
144779,Eragrostis,Eragrostis.secundiflora,Native,Native,Otu213,1,Basidiomycota,Agaricomycetes,Agaricales,Psathyrellaceae,Parasola,Tbas,1
144779,Eragrostis,Eragrostis.secundiflora,Native,Native,Otu160,1,Basidiomycota,Agaricomycetes,Boletales,Boletaceae,Boletus,Unite,NA
144781,Eragrostis,Eragrostis.secundiflora,Native,Native,Otu813,1,Mucoromycota,Mortierellomycetes,Mortierellales,Mortierellaceae,Modicella,Tbas,1
NA,NA,NA,NA,NA,Otu199,NA,Zoopagomycota,Zoopagomycetes,Zoopagales,Helicocephalidaceae,Rhopalomyces,Tbas,0.995941833
NA,NA,NA,NA,NA,Otu209,NA,Ascomycota,Dothideomycetes,Pleosporales,Pleosporaceae,Curvularia,Unite,NA
NA,NA,NA,NA,NA,Otu104,NA,Unknown,Unknown,Unknown,Unknown,Unknown,Tbas.Unite,NA
NA,NA,NA,NA,NA,Otu173,NA,Unknown,Unknown,Unknown,Unknown,Unknown,Tbas.Unite,NA
NA,NA,NA,NA,NA,Otu450,NA,Fungi_phy_Incertae_sedis,Fungi_cls_Incertae_sedis,Fungi_ord_Incertae_sedis,Fungi_fam_Incertae_sedis,Fungi_gen_Incertae_sedis,Unite,NA
NA,NA,NA,NA,NA,Otu414,NA,Basidiomycota,Agaricomycetes,Thelephorales,Thelephoraceae,Tomentella,Unite,NA
NA,NA,NA,NA,NA,Otu43,NA,Zoopagomycota,Zoopagomycetes,Zoopagales,Helicocephalidaceae,Rhopalomyces,Tbas,0.999420443
NA,NA,NA,NA,NA,Otu693,NA,Ascomycota,Dothideomycetes,Pleosporales,Pleosporaceae,Curvularia,Unite,NA
NA,NA,NA,NA,NA,Otu188,NA,Basidiomycota,Agaricomycetes,Corticiales,Corticiaceae,Laetisaria,Tbas,0.99996623
NA,NA,NA,NA,NA,Otu30,NA,Basidiomycota,Agaricomycetes,Agaricales,Psathyrellaceae,Parasola,Tbas,1
NA,NA,NA,NA,NA,Otu358,NA,Ascomycota,Sordariomycetes,Amphisphaeriales,Apiosporaceae,Apiospora,Unite,NA
NA,NA,NA,NA,NA,Otu93,NA,Ascomycota,Pezizomycetes,Pezizales,Morchellaceae,Morchella,Tbas,0.999923938
NA,NA,NA,NA,NA,Otu360,NA,Basidiomycota,Agaricomycetes,Agaricales,Inocybaceae,Inocybe,Tbas,1
NA,NA,NA,NA,NA,Otu237,NA,Basidiomycota,Agaricomycetes,Polyporales,Phanerochaetaceae,Phanerochaete,Tbas,0.998394256
NA,NA,NA,NA,NA,Otu239,NA,Ascomycota,Sordariomycetes,Diaporthales,Diaporthaceae,Diaporthe,Unite,NA
NA,NA,NA,NA,NA,Otu276,NA,Ascomycota,Dothideomycetes,Cladosporiales,Cladosporiaceae,Toxicocladosporium,Unite,NA
NA,NA,NA,NA,NA,Otu282,NA,Ascomycota,Eurotiomycetes,Chaetothyriales,Chaetothyriales_fam_Incertae_sedis,Chaetothyriales_gen_Incertae_sedis,Unite,NA
NA,NA,NA,NA,NA,Otu323,NA,Basidiomycota,Agaricomycetes,Agaricales,Psathyrellaceae,Parasola,Tbas,0.999102169
NA,NA,NA,NA,NA,Otu371,NA,Basidiomycota,Tremellomycetes,Tremellales,Bulleribasidiaceae,Vishniacozyma,Unite,NA
NA,NA,NA,NA,NA,Otu405,NA,Basidiomycota,Ustilaginomycetes,Urocystidales,Urocystidaceae,Thecaphora,Tbas,0.952104877
NA,NA,NA,NA,NA,Otu324,NA,Unknown,Unknown,Unknown,Unknown,Unknown,Did not meet thresholds,NA
NA,NA,NA,NA,NA,Otu231,NA,Ascomycota,Saccharomycetes,Saccharomycetales,Saccharomycetaceae,Zygotorulaspora,Unite,NA
NA,NA,NA,NA,NA,Otu279,NA,Ascomycota,Dothideomycetes,Dothideomycetes_ord_Incertae_sedis,Pseudorobillardaceae,Pseudorobillarda,Unite,NA
NA,NA,NA,NA,NA,Otu341,NA,Basidiomycota,Agaricomycetes,Agaricales,Marasmiaceae,Marasmius,Unite,NA
NA,NA,NA,NA,NA,Otu379,NA,Basidiomycota,Agaricomycetes,Agaricales,Agaricaceae,Tulostoma,Unite,NA
NA,NA,NA,NA,NA,Otu261,NA,Basidiomycota,Agaricomycetes,Agaricales,Omphalotaceae,Marasmiellus,Unite,NA
NA,NA,NA,NA,NA,Otu799,NA,Basidiomycota,Agaricomycetes,Corticiales,Corticiaceae,Laetisaria,Tbas,1
NA,NA,NA,NA,NA,Otu307,NA,Unknown,Unknown,Unknown,Unknown,Unknown,Did not meet thresholds,NA
NA,NA,NA,NA,NA,Otu774,NA,Ascomycota,Sordariomycetes,Branch06,Branch06_fam_Incertae_sedis,Branch06_gen_Incertae_sedis,Unite,NA
NA,NA,NA,NA,NA,Otu852,NA,Choanozoa,Choanoflagellata,Craspedida,Salpingoecidae,Monosiga,Tbas,0.998863736
NA,NA,NA,NA,NA,Otu174,NA,Basidiomycota,Agaricomycetes,Corticiales,Corticiaceae,Laetisaria,Tbas,0.999593894
NA,NA,NA,NA,NA,Otu203,NA,Basidiomycota,Agaricomycetes,Agaricales,Strophariaceae,Agrocybe,Unite,NA
NA,NA,NA,NA,NA,Otu328,NA,Basidiomycota,Agaricomycetes,Thelephorales,Thelephoraceae,Tomentella,Unite,NA
NA,NA,NA,NA,NA,Otu933,NA,Ascomycota,Sordariomycetes,Hypocreales,Niessliaceae,Niesslia,Unite,NA
NA,NA,NA,NA,NA,Otu58,NA,Basidiomycota,Agaricomycetes,Polyporales,Phanerochaetaceae,Phlebiopsis,Unite,NA
NA,NA,NA,NA,NA,Otu201,NA,Ascomycota,Sordariomycetes,Hypocreales,Stachybotryaceae,Stachybotrys,Unite,NA
NA,NA,NA,NA,NA,Otu394,NA,Basidiomycota,Agaricomycetes,Polyporales,Phanerochaetaceae,Phanerochaete,Unite,NA
NA,NA,NA,NA,NA,Otu849,NA,Rozellomycota,Rozellomycotina_cls_Incertae_sedis,GS11,GS11_fam_Incertae_sedis,GS11_gen_Incertae_sedis,Unite,NA
NA,NA,NA,NA,NA,Otu215,NA,Basidiomycota,Agaricomycetes,Agaricales,Psathyrellaceae,Parasola,Tbas,1
NA,NA,NA,NA,NA,Otu553,NA,Basidiomycota,Agaricomycetes,Boletales,Boletaceae,Boletus,Unite,NA
NA,NA,NA,NA,NA,Otu281,NA,Basidiomycota,Agaricomycetes,Polyporales,Phanerochaetaceae,Phanerochaete,Tbas,0.966452117
NA,NA,NA,NA,NA,Otu617,NA,Ascomycota,Sordariomycetes,Hypocreales,Sarocladiaceae,Sarocladium,Tbas,1
NA,NA,NA,NA,NA,Otu823,NA,Basidiomycota,Agaricomycetes,Polyporales,Phanerochaetaceae,Odontoefibula,Unite,NA
NA,NA,NA,NA,NA,Otu164,NA,Basidiomycota,Agaricomycetes,Polyporales,Polyporales_fam_Incertae_sedis,Diplomitoporus,Unite,NA
NA,NA,NA,NA,NA,Otu771,NA,Ascomycota,Sordariomycetes,Coniochaetales,Coniochaetaceae,Coniochaeta,Tbas,1
NA,NA,NA,NA,NA,Otu778,NA,Basidiomycota,Ustilaginomycetes,Ustilaginales,Ustilaginaceae,Sporisorium,Unite,NA
NA,NA,NA,NA,NA,Otu763,NA,Basidiomycota,Agaricomycetes,Agaricales,Psathyrellaceae,Parasola,Tbas,1
NA,NA,NA,NA,NA,Otu516,NA,Unknown,Unknown,Unknown,Unknown,Unknown,Did not meet thresholds,NA
NA,NA,NA,NA,NA,Otu355,NA,Ascomycota,Eurotiomycetes,Eurotiomycetes incertae sedis,.,Paracladophialophora,Tbas,0.999376977
NA,NA,NA,NA,NA,Otu939,NA,Ascomycota,Dothideomycetes,Pleosporales,Pleosporaceae,Curvularia,Unite,NA
NA,NA,NA,NA,NA,Otu525,NA,Basidiomycota,Agaricomycetes,Agaricales,Agaricaceae,Agaricus,Tbas,0.969894289
NA,NA,NA,NA,NA,Otu363,NA,Basidiomycota,Ustilaginomycetes,Urocystidales,Floromycetaceae,Antherospora,Unite,NA
NA,NA,NA,NA,NA,Otu187,NA,Glomeromycota,Glomeromycetes,Gigasporales,Dentiscutataceae,Dentiscutata,Unite,NA
NA,NA,NA,NA,NA,Otu273,NA,Ascomycota,Leotiomycetes,Helotiales,Hyaloscyphaceae,Hyaloscyphaceae_gen_Incertae_sedis,Unite,NA
NA,NA,NA,NA,NA,Otu57,NA,Unknown,Unknown,Unknown,Unknown,Unknown,Tbas.Unite,NA
NA,NA,NA,NA,NA,Otu712,NA,Basidiomycota,Agaricomycetes,Boletales,Boletaceae,Boletus,Unite,NA
NA,NA,NA,NA,NA,Otu236,NA,Basidiomycota,Ustilaginomycetes,Urocystidales,Floromycetaceae,Antherospora,Unite,NA
NA,NA,NA,NA,NA,Otu769,NA,Basidiomycota,Agaricomycetes,Agaricales,Agaricaceae,Agaricus,Tbas,1
NA,NA,NA,NA,NA,Otu62,NA,Basidiomycota,Agaricomycetes,Boletales,Boletaceae,Boletus,Unite,NA
NA,NA,NA,NA,NA,Otu191,NA,Basidiomycota,Agaricomycetes,Russulales,Hericiaceae,Hericium,Tbas,0.987413157
NA,NA,NA,NA,NA,Otu196,NA,Ascomycota,Eurotiomycetes,Eurotiales,Aspergillaceae,Penicillium,Unite,NA
NA,NA,NA,NA,NA,Otu116,NA,Unknown,Unknown,Unknown,Unknown,Unknown,Did not meet thresholds,NA
NA,NA,NA,NA,NA,Otu108,NA,Zoopagomycota,Zoopagomycetes,Zoopagales,Helicocephalidaceae,Rhopalomyces,Tbas,0.997549655
NA,NA,NA,NA,NA,Otu73,NA,Basidiomycota,Agaricomycetes,Agaricales,Psathyrellaceae,Parasola,Tbas,1
NA,NA,NA,NA,NA,Otu805,NA,Unknown,Unknown,Unknown,Unknown,Unknown,Did not meet thresholds,NA
NA,NA,NA,NA,NA,Otu439,NA,Basidiomycota,Agaricomycetes,Cantharellales,Cantharellaceae,Cantharellus,Tbas,0.971083323
NA,NA,NA,NA,NA,Otu449,NA,Ascomycota,Dothideomycetes,Pleosporales,Didymosphaeriaceae,Tremateia,Unite,NA
NA,NA,NA,NA,NA,Otu437,NA,Ascomycota,Sordariomycetes,Glomerellales,Glomerellaceae,Colletotrichum,Unite,NA
NA,NA,NA,NA,NA,Otu717,NA,Basidiomycota,Agaricomycetes,Cantharellales,Cantharellaceae,Cantharellus,Tbas,0.98105168
NA,NA,NA,NA,NA,Otu397,NA,Ascomycota,Dothideomycetes,Dothideales,Dothideales_fam_Incertae_sedis,Hormonema,Unite,NA
NA,NA,NA,NA,NA,Otu344,NA,Unknown,Unknown,Unknown,Unknown,Unknown,Tbas.Unite,NA
NA,NA,NA,NA,NA,Otu247,NA,Ascomycota,Dothideomycetes,Pleosporales,Phaeosphaeriaceae,Phaeosphaeria,Unite,NA
NA,NA,NA,NA,NA,Otu166,NA,Unknown,Unknown,Unknown,Unknown,Unknown,Did not meet thresholds,NA
NA,NA,NA,NA,NA,Otu798,NA,Ascomycota,Sordariomycetes,Xylariales,Xylariaceae,Hypocopra,Unite,NA
NA,NA,NA,NA,NA,Otu705,NA,Ascomycota,Dothideomycetes,Pleosporales,Didymosphaeriaceae,Pseudopithomyces,Unite,NA
NA,NA,NA,NA,NA,Otu155,NA,Basidiomycota,Agaricomycetes,Polyporales,Polyporaceae,Trametes,Unite,NA
NA,NA,NA,NA,NA,Otu783,NA,Basidiomycota,Agaricomycetes,Corticiales,Corticiaceae,Laetisaria,Tbas,0.990953679
NA,NA,NA,NA,NA,Otu714,NA,Ascomycota,Dothideomycetes,Pleosporales,Pleosporaceae,Curvularia,Unite,NA
NA,NA,NA,NA,NA,Otu650,NA,Basidiomycota,Exobasidiomycetes,Exobasidiales,Brachybasidiaceae,Meira,Tbas,1
NA,NA,NA,NA,NA,Otu882,NA,Basidiomycota,Agaricomycetes,Cantharellales,Botryobasidiaceae,Botryobasidium,Tbas,1
NA,NA,NA,NA,NA,Otu668,NA,Basidiomycota,Agaricomycetes,Cantharellales,Botryobasidiaceae,Botryobasidium,Tbas,0.999999802
NA,NA,NA,NA,NA,Otu952,NA,Basidiomycota,Agaricomycetes,Boletales,Boletaceae,Boletus,Unite,NA
NA,NA,NA,NA,NA,Otu32,NA,Unknown,Unknown,Unknown,Unknown,Unknown,Tbas.Unite,NA
NA,NA,NA,NA,NA,Otu81,NA,Basidiomycota,Agaricomycetes,Sebacinales,Serendipitaceae,Serendipitaceae_gen_Incertae_sedis,Unite,NA
NA,NA,NA,NA,NA,Otu235,NA,Ascomycota,Dothideomycetes,Pleosporales,Periconiaceae,Periconia,Unite,NA
NA,NA,NA,NA,NA,Otu336,NA,Ascomycota,Dothideomycetes,Mycosphaerellales,Teratosphaeriaceae,Devriesia,Unite,NA
NA,NA,NA,NA,NA,Otu670,NA,Unknown,Unknown,Unknown,Unknown,Unknown,Did not meet thresholds,NA
NA,NA,NA,NA,NA,Otu443,NA,Ascomycota,Sordariomycetes,Amphisphaeriales,Clypeophysalosporaceae,Clypeophysalospora,Unite,NA
NA,NA,NA,NA,NA,Otu250,NA,Ascomycota,Dothideomycetes,Pleosporales,Didymosphaeriaceae,Spegazzinia,Tbas,1
NA,NA,NA,NA,NA,Otu704,NA,Basidiomycota,Agaricomycetes,Polyporales,Polyporaceae,Fomes,Unite,NA
NA,NA,NA,NA,NA,Otu376,NA,Basidiomycota,Agaricomycetes,Boletales,Boletaceae,Boletus,Unite,NA
NA,NA,NA,NA,NA,Otu970,NA,Basidiomycota,Agaricomycetes,Agaricales,Bolbitiaceae,Conocybe,Unite,NA
NA,NA,NA,NA,NA,Otu267,NA,Basidiomycota,Agaricomycetes,Boletales,Boletinellaceae,Phlebopus,Unite,NA
NA,NA,NA,NA,NA,Otu812,NA,Unknown,Unknown,Unknown,Unknown,Unknown,Tbas.Unite,NA
NA,NA,NA,NA,NA,Otu806,NA,Ascomycota,Ascomycota_cls_Incertae_sedis,Ascomycota_ord_Incertae_sedis,Ascomycota_fam_Incertae_sedis,Ascomycota_gen_Incertae_sedis,Unite,NA
NA,NA,NA,NA,NA,Otu723,NA,Basidiomycota,Agaricomycetes,Agaricales,Psathyrellaceae,Parasola,Tbas,1
NA,NA,NA,NA,NA,Otu260,NA,Ascomycota,Dothideomycetes,Pleosporales,Phaeosphaeriaceae,Phaeoseptoriella,Tbas,0.995628722
NA,NA,NA,NA,NA,Otu862,NA,Basidiomycota,Agaricomycetes,Hymenochaetales,Hymenochaetaceae,Fuscoporia,Unite,NA
NA,NA,NA,NA,NA,Otu438,NA,Basidiomycota,Agaricomycetes,Agaricales,Inocybaceae,Inocybe,Tbas,0.999873301
NA,NA,NA,NA,NA,Otu245,NA,Basidiomycota,Agaricomycetes,Agaricales,Psathyrellaceae,Parasola,Tbas,0.999189964
NA,NA,NA,NA,NA,Otu792,NA,Ascomycota,Leotiomycetes,Helotiales,Sclerotiniaceae,Clarireedia,Unite,NA